--
-- PostgreSQL database dump
--

\restrict GI1eWNaVMVcgUmYa0336HZY1gAGHYZn5ey0xiD4WgQeKgHCrTbQ8WfgzcoZMxEp

-- Dumped from database version 17.10 (Ubuntu 17.10-1.pgdg26.04+1)
-- Dumped by pg_dump version 17.10 (Ubuntu 17.10-1.pgdg26.04+1)

SET statement_timeout = 0;
SET lock_timeout = 0;
SET idle_in_transaction_session_timeout = 0;
SET transaction_timeout = 0;
SET client_encoding = 'UTF8';
SET standard_conforming_strings = on;
SELECT pg_catalog.set_config('search_path', '', false);
SET check_function_bodies = false;
SET xmloption = content;
SET client_min_messages = warning;
SET row_security = off;

SET default_tablespace = '';

SET default_table_access_method = heap;

--
-- Name: accionista; Type: TABLE; Schema: public; Owner: david
--

CREATE TABLE public.accionista (
    id_accionista integer NOT NULL,
    nombre character varying(150) NOT NULL,
    nit character varying(20) NOT NULL,
    tipo_accionista character varying(50) NOT NULL,
    nacionalidad character varying(50) NOT NULL,
    id_empresa integer NOT NULL,
    acciones integer NOT NULL,
    porcentaje_participacion numeric(5,2) NOT NULL,
    CONSTRAINT participacion_rango CHECK (((porcentaje_participacion > (0)::numeric) AND (porcentaje_participacion <= (100)::numeric))),
    CONSTRAINT tipos_accionistas CHECK (((tipo_accionista)::text = ANY ((ARRAY['controlantes'::character varying, 'fideicomisos'::character varying, 'institucionales y fondos de inversion'::character varying, 'minoritarios/personas naturales'::character varying])::text[])))
);


ALTER TABLE public.accionista OWNER TO david;

--
-- Name: area_departamento; Type: TABLE; Schema: public; Owner: david
--

CREATE TABLE public.area_departamento (
    id_area integer NOT NULL,
    nombre_area character varying(150) NOT NULL
);


ALTER TABLE public.area_departamento OWNER TO david;

--
-- Name: area_departamento_id_area_seq; Type: SEQUENCE; Schema: public; Owner: david
--

CREATE SEQUENCE public.area_departamento_id_area_seq
    AS integer
    START WITH 1
    INCREMENT BY 1
    NO MINVALUE
    NO MAXVALUE
    CACHE 1;


ALTER SEQUENCE public.area_departamento_id_area_seq OWNER TO david;

--
-- Name: area_departamento_id_area_seq; Type: SEQUENCE OWNED BY; Schema: public; Owner: david
--

ALTER SEQUENCE public.area_departamento_id_area_seq OWNED BY public.area_departamento.id_area;


--
-- Name: auth_group; Type: TABLE; Schema: public; Owner: david
--

CREATE TABLE public.auth_group (
    id integer NOT NULL,
    name character varying(150) NOT NULL
);


ALTER TABLE public.auth_group OWNER TO david;

--
-- Name: auth_group_id_seq; Type: SEQUENCE; Schema: public; Owner: david
--

ALTER TABLE public.auth_group ALTER COLUMN id ADD GENERATED BY DEFAULT AS IDENTITY (
    SEQUENCE NAME public.auth_group_id_seq
    START WITH 1
    INCREMENT BY 1
    NO MINVALUE
    NO MAXVALUE
    CACHE 1
);


--
-- Name: auth_group_permissions; Type: TABLE; Schema: public; Owner: david
--

CREATE TABLE public.auth_group_permissions (
    id bigint NOT NULL,
    group_id integer NOT NULL,
    permission_id integer NOT NULL
);


ALTER TABLE public.auth_group_permissions OWNER TO david;

--
-- Name: auth_group_permissions_id_seq; Type: SEQUENCE; Schema: public; Owner: david
--

ALTER TABLE public.auth_group_permissions ALTER COLUMN id ADD GENERATED BY DEFAULT AS IDENTITY (
    SEQUENCE NAME public.auth_group_permissions_id_seq
    START WITH 1
    INCREMENT BY 1
    NO MINVALUE
    NO MAXVALUE
    CACHE 1
);


--
-- Name: auth_permission; Type: TABLE; Schema: public; Owner: david
--

CREATE TABLE public.auth_permission (
    id integer NOT NULL,
    name character varying(255) NOT NULL,
    content_type_id integer NOT NULL,
    codename character varying(100) NOT NULL
);


ALTER TABLE public.auth_permission OWNER TO david;

--
-- Name: auth_permission_id_seq; Type: SEQUENCE; Schema: public; Owner: david
--

ALTER TABLE public.auth_permission ALTER COLUMN id ADD GENERATED BY DEFAULT AS IDENTITY (
    SEQUENCE NAME public.auth_permission_id_seq
    START WITH 1
    INCREMENT BY 1
    NO MINVALUE
    NO MAXVALUE
    CACHE 1
);


--
-- Name: auth_user; Type: TABLE; Schema: public; Owner: david
--

CREATE TABLE public.auth_user (
    id integer NOT NULL,
    password character varying(128) NOT NULL,
    last_login timestamp with time zone,
    is_superuser boolean NOT NULL,
    username character varying(150) NOT NULL,
    first_name character varying(150) NOT NULL,
    last_name character varying(150) NOT NULL,
    email character varying(254) NOT NULL,
    is_staff boolean NOT NULL,
    is_active boolean NOT NULL,
    date_joined timestamp with time zone NOT NULL
);


ALTER TABLE public.auth_user OWNER TO david;

--
-- Name: auth_user_groups; Type: TABLE; Schema: public; Owner: david
--

CREATE TABLE public.auth_user_groups (
    id bigint NOT NULL,
    user_id integer NOT NULL,
    group_id integer NOT NULL
);


ALTER TABLE public.auth_user_groups OWNER TO david;

--
-- Name: auth_user_groups_id_seq; Type: SEQUENCE; Schema: public; Owner: david
--

ALTER TABLE public.auth_user_groups ALTER COLUMN id ADD GENERATED BY DEFAULT AS IDENTITY (
    SEQUENCE NAME public.auth_user_groups_id_seq
    START WITH 1
    INCREMENT BY 1
    NO MINVALUE
    NO MAXVALUE
    CACHE 1
);


--
-- Name: auth_user_id_seq; Type: SEQUENCE; Schema: public; Owner: david
--

ALTER TABLE public.auth_user ALTER COLUMN id ADD GENERATED BY DEFAULT AS IDENTITY (
    SEQUENCE NAME public.auth_user_id_seq
    START WITH 1
    INCREMENT BY 1
    NO MINVALUE
    NO MAXVALUE
    CACHE 1
);


--
-- Name: auth_user_user_permissions; Type: TABLE; Schema: public; Owner: david
--

CREATE TABLE public.auth_user_user_permissions (
    id bigint NOT NULL,
    user_id integer NOT NULL,
    permission_id integer NOT NULL
);


ALTER TABLE public.auth_user_user_permissions OWNER TO david;

--
-- Name: auth_user_user_permissions_id_seq; Type: SEQUENCE; Schema: public; Owner: david
--

ALTER TABLE public.auth_user_user_permissions ALTER COLUMN id ADD GENERATED BY DEFAULT AS IDENTITY (
    SEQUENCE NAME public.auth_user_user_permissions_id_seq
    START WITH 1
    INCREMENT BY 1
    NO MINVALUE
    NO MAXVALUE
    CACHE 1
);


--
-- Name: cargo; Type: TABLE; Schema: public; Owner: david
--

CREATE TABLE public.cargo (
    id_cargo integer NOT NULL,
    nombre_cargo character varying(50) NOT NULL,
    salario_base numeric NOT NULL,
    id_area_depto integer NOT NULL
);


ALTER TABLE public.cargo OWNER TO david;

--
-- Name: categoria; Type: TABLE; Schema: public; Owner: david
--

CREATE TABLE public.categoria (
    id_categoria integer NOT NULL,
    nombre_categoria character varying(90) NOT NULL,
    descripcion character varying(500) NOT NULL
);


ALTER TABLE public.categoria OWNER TO david;

--
-- Name: ciudad; Type: TABLE; Schema: public; Owner: david
--

CREATE TABLE public.ciudad (
    id_ciudad integer NOT NULL,
    nombre_ciudad character varying(80) NOT NULL,
    id_pais integer NOT NULL
);


ALTER TABLE public.ciudad OWNER TO david;

--
-- Name: clientes; Type: TABLE; Schema: public; Owner: david
--

CREATE TABLE public.clientes (
    id_cliente integer NOT NULL,
    nit character varying(20) NOT NULL,
    nombre_cliente character varying(150) NOT NULL,
    tipo_cliente character varying(50) NOT NULL,
    canal_distribucion character varying(50) NOT NULL,
    direccion character varying(150) NOT NULL,
    id_ciudad integer NOT NULL,
    telefono character varying(20) NOT NULL,
    email character varying(100) NOT NULL,
    credito_autorizado boolean NOT NULL,
    autorizacion_habeas_data boolean DEFAULT false NOT NULL,
    representante_legal character varying(150),
    tipo_regimen_tributario character varying(50),
    CONSTRAINT cliente_regimen_check CHECK ((((tipo_regimen_tributario)::text = ANY ((ARRAY['responsable_iva'::character varying, 'no_responsable_iva'::character varying])::text[])) OR (tipo_regimen_tributario IS NULL)))
);


ALTER TABLE public.clientes OWNER TO david;

--
-- Name: detalle_compra; Type: TABLE; Schema: public; Owner: david
--

CREATE TABLE public.detalle_compra (
    id_detalle_compra integer NOT NULL,
    id_compra integer NOT NULL,
    id_prod integer NOT NULL,
    cantidad_prods integer NOT NULL,
    precio_historico numeric NOT NULL,
    subtotal numeric NOT NULL
);


ALTER TABLE public.detalle_compra OWNER TO david;

--
-- Name: detalle_compra_id_detalle_compra_seq; Type: SEQUENCE; Schema: public; Owner: david
--

CREATE SEQUENCE public.detalle_compra_id_detalle_compra_seq
    AS integer
    START WITH 1
    INCREMENT BY 1
    NO MINVALUE
    NO MAXVALUE
    CACHE 1;


ALTER SEQUENCE public.detalle_compra_id_detalle_compra_seq OWNER TO david;

--
-- Name: detalle_compra_id_detalle_compra_seq; Type: SEQUENCE OWNED BY; Schema: public; Owner: david
--

ALTER SEQUENCE public.detalle_compra_id_detalle_compra_seq OWNED BY public.detalle_compra.id_detalle_compra;


--
-- Name: detalle_venta; Type: TABLE; Schema: public; Owner: david
--

CREATE TABLE public.detalle_venta (
    id_detalle_venta integer NOT NULL,
    id_venta integer NOT NULL,
    id_prod integer NOT NULL,
    unidades integer NOT NULL,
    precio_historico numeric NOT NULL,
    subtotal numeric NOT NULL
);


ALTER TABLE public.detalle_venta OWNER TO david;

--
-- Name: detalle_venta_id_detalle_venta_seq; Type: SEQUENCE; Schema: public; Owner: david
--

CREATE SEQUENCE public.detalle_venta_id_detalle_venta_seq
    AS integer
    START WITH 1
    INCREMENT BY 1
    NO MINVALUE
    NO MAXVALUE
    CACHE 1;


ALTER SEQUENCE public.detalle_venta_id_detalle_venta_seq OWNER TO david;

--
-- Name: detalle_venta_id_detalle_venta_seq; Type: SEQUENCE OWNED BY; Schema: public; Owner: david
--

ALTER SEQUENCE public.detalle_venta_id_detalle_venta_seq OWNED BY public.detalle_venta.id_detalle_venta;


--
-- Name: django_admin_log; Type: TABLE; Schema: public; Owner: david
--

CREATE TABLE public.django_admin_log (
    id integer NOT NULL,
    action_time timestamp with time zone NOT NULL,
    object_id text,
    object_repr character varying(200) NOT NULL,
    action_flag smallint NOT NULL,
    change_message text NOT NULL,
    content_type_id integer,
    user_id integer NOT NULL,
    CONSTRAINT django_admin_log_action_flag_check CHECK ((action_flag >= 0))
);


ALTER TABLE public.django_admin_log OWNER TO david;

--
-- Name: django_admin_log_id_seq; Type: SEQUENCE; Schema: public; Owner: david
--

ALTER TABLE public.django_admin_log ALTER COLUMN id ADD GENERATED BY DEFAULT AS IDENTITY (
    SEQUENCE NAME public.django_admin_log_id_seq
    START WITH 1
    INCREMENT BY 1
    NO MINVALUE
    NO MAXVALUE
    CACHE 1
);


--
-- Name: django_content_type; Type: TABLE; Schema: public; Owner: david
--

CREATE TABLE public.django_content_type (
    id integer NOT NULL,
    app_label character varying(100) NOT NULL,
    model character varying(100) NOT NULL
);


ALTER TABLE public.django_content_type OWNER TO david;

--
-- Name: django_content_type_id_seq; Type: SEQUENCE; Schema: public; Owner: david
--

ALTER TABLE public.django_content_type ALTER COLUMN id ADD GENERATED BY DEFAULT AS IDENTITY (
    SEQUENCE NAME public.django_content_type_id_seq
    START WITH 1
    INCREMENT BY 1
    NO MINVALUE
    NO MAXVALUE
    CACHE 1
);


--
-- Name: django_migrations; Type: TABLE; Schema: public; Owner: david
--

CREATE TABLE public.django_migrations (
    id bigint NOT NULL,
    app character varying(255) NOT NULL,
    name character varying(255) NOT NULL,
    applied timestamp with time zone NOT NULL
);


ALTER TABLE public.django_migrations OWNER TO david;

--
-- Name: django_migrations_id_seq; Type: SEQUENCE; Schema: public; Owner: david
--

ALTER TABLE public.django_migrations ALTER COLUMN id ADD GENERATED BY DEFAULT AS IDENTITY (
    SEQUENCE NAME public.django_migrations_id_seq
    START WITH 1
    INCREMENT BY 1
    NO MINVALUE
    NO MAXVALUE
    CACHE 1
);


--
-- Name: django_session; Type: TABLE; Schema: public; Owner: david
--

CREATE TABLE public.django_session (
    session_key character varying(40) NOT NULL,
    session_data text NOT NULL,
    expire_date timestamp with time zone NOT NULL
);


ALTER TABLE public.django_session OWNER TO david;

--
-- Name: empleado; Type: TABLE; Schema: public; Owner: david
--

CREATE TABLE public.empleado (
    id_empleado integer NOT NULL,
    cedula character varying(20) NOT NULL,
    nombre_empleado character varying(150) NOT NULL,
    apellido_empleado character varying(150) NOT NULL,
    numero_telefonico character varying(20) NOT NULL,
    email_corporativo character varying(150) NOT NULL,
    fecha_ingreso date NOT NULL,
    id_cargo integer NOT NULL,
    id_tipo_contrato integer NOT NULL,
    id_planta integer NOT NULL
);


ALTER TABLE public.empleado OWNER TO david;

--
-- Name: empresa; Type: TABLE; Schema: public; Owner: david
--

CREATE TABLE public.empresa (
    id_empresa integer NOT NULL,
    nombre_empresa character varying(150) NOT NULL,
    nit character varying(20) NOT NULL
);


ALTER TABLE public.empresa OWNER TO david;

--
-- Name: inventario; Type: TABLE; Schema: public; Owner: david
--

CREATE TABLE public.inventario (
    id_inventario integer NOT NULL,
    id_planta integer NOT NULL,
    id_prod integer NOT NULL,
    cantidad_disponible integer NOT NULL,
    stock_minimo integer NOT NULL,
    fecha_actualizacion timestamp without time zone NOT NULL,
    demanda_diaria integer DEFAULT 1 NOT NULL
);


ALTER TABLE public.inventario OWNER TO david;

--
-- Name: inventario_id_inventario_seq; Type: SEQUENCE; Schema: public; Owner: david
--

CREATE SEQUENCE public.inventario_id_inventario_seq
    AS integer
    START WITH 1
    INCREMENT BY 1
    NO MINVALUE
    NO MAXVALUE
    CACHE 1;


ALTER SEQUENCE public.inventario_id_inventario_seq OWNER TO david;

--
-- Name: inventario_id_inventario_seq; Type: SEQUENCE OWNED BY; Schema: public; Owner: david
--

ALTER SEQUENCE public.inventario_id_inventario_seq OWNED BY public.inventario.id_inventario;


--
-- Name: marca; Type: TABLE; Schema: public; Owner: david
--

CREATE TABLE public.marca (
    id_marca integer NOT NULL,
    nombre_marca character varying(200) NOT NULL,
    descripcion character varying(500) NOT NULL
);


ALTER TABLE public.marca OWNER TO david;

--
-- Name: materia_prima; Type: TABLE; Schema: public; Owner: david
--

CREATE TABLE public.materia_prima (
    id_materia integer NOT NULL,
    nombre character varying(200) NOT NULL,
    unidad_medida character varying(20) NOT NULL
);


ALTER TABLE public.materia_prima OWNER TO david;

--
-- Name: orden_compra; Type: TABLE; Schema: public; Owner: david
--

CREATE TABLE public.orden_compra (
    id_compra integer NOT NULL,
    id_proveedor integer NOT NULL,
    fecha_compra timestamp without time zone NOT NULL,
    fecha_vencimiento timestamp without time zone NOT NULL,
    fecha_pago timestamp without time zone,
    estado_pago character varying(20) NOT NULL,
    CONSTRAINT estado CHECK (((estado_pago)::text = ANY ((ARRAY['pendiente'::character varying, 'pagado'::character varying, 'vencido'::character varying])::text[])))
);


ALTER TABLE public.orden_compra OWNER TO david;

--
-- Name: orden_compra_id_compra_seq; Type: SEQUENCE; Schema: public; Owner: david
--

CREATE SEQUENCE public.orden_compra_id_compra_seq
    AS integer
    START WITH 1
    INCREMENT BY 1
    NO MINVALUE
    NO MAXVALUE
    CACHE 1;


ALTER SEQUENCE public.orden_compra_id_compra_seq OWNER TO david;

--
-- Name: orden_compra_id_compra_seq; Type: SEQUENCE OWNED BY; Schema: public; Owner: david
--

ALTER SEQUENCE public.orden_compra_id_compra_seq OWNED BY public.orden_compra.id_compra;


--
-- Name: orden_venta; Type: TABLE; Schema: public; Owner: david
--

CREATE TABLE public.orden_venta (
    id_venta integer NOT NULL,
    id_cliente integer NOT NULL,
    fecha_venta timestamp without time zone NOT NULL
);


ALTER TABLE public.orden_venta OWNER TO david;

--
-- Name: orden_venta_id_venta_seq; Type: SEQUENCE; Schema: public; Owner: david
--

CREATE SEQUENCE public.orden_venta_id_venta_seq
    AS integer
    START WITH 1
    INCREMENT BY 1
    NO MINVALUE
    NO MAXVALUE
    CACHE 1;


ALTER SEQUENCE public.orden_venta_id_venta_seq OWNER TO david;

--
-- Name: orden_venta_id_venta_seq; Type: SEQUENCE OWNED BY; Schema: public; Owner: david
--

ALTER SEQUENCE public.orden_venta_id_venta_seq OWNED BY public.orden_venta.id_venta;


--
-- Name: pais; Type: TABLE; Schema: public; Owner: david
--

CREATE TABLE public.pais (
    id_pais integer NOT NULL,
    nombre_pais character varying(80) NOT NULL
);


ALTER TABLE public.pais OWNER TO david;

--
-- Name: pais_id_pais_seq; Type: SEQUENCE; Schema: public; Owner: david
--

CREATE SEQUENCE public.pais_id_pais_seq
    AS integer
    START WITH 1
    INCREMENT BY 1
    NO MINVALUE
    NO MAXVALUE
    CACHE 1;


ALTER SEQUENCE public.pais_id_pais_seq OWNER TO david;

--
-- Name: pais_id_pais_seq; Type: SEQUENCE OWNED BY; Schema: public; Owner: david
--

ALTER SEQUENCE public.pais_id_pais_seq OWNED BY public.pais.id_pais;


--
-- Name: planta; Type: TABLE; Schema: public; Owner: david
--

CREATE TABLE public.planta (
    id_planta integer NOT NULL,
    tipo_planta character varying(200) NOT NULL,
    id_ciudad integer NOT NULL,
    direccion character varying(100) NOT NULL,
    id_empresa integer NOT NULL
);


ALTER TABLE public.planta OWNER TO david;

--
-- Name: productos; Type: TABLE; Schema: public; Owner: david
--

CREATE TABLE public.productos (
    id_producto integer NOT NULL,
    nombre_producto character varying(200) NOT NULL,
    cate_id integer NOT NULL,
    marca_id integer NOT NULL,
    peso numeric(5,2) NOT NULL,
    unidad_medida character varying(10) NOT NULL,
    precio numeric(10,2) NOT NULL,
    sabor character varying,
    estado boolean DEFAULT true NOT NULL,
    tarifa_iva character varying(20) DEFAULT 'general'::character varying NOT NULL,
    CONSTRAINT productos_tarifa_iva_check CHECK (((tarifa_iva)::text = ANY ((ARRAY['general'::character varying, 'diferencial'::character varying, 'exento'::character varying, 'excluido'::character varying])::text[])))
);


ALTER TABLE public.productos OWNER TO david;

--
-- Name: proveedor; Type: TABLE; Schema: public; Owner: david
--

CREATE TABLE public.proveedor (
    id_proveedor integer NOT NULL,
    nit character varying(20) NOT NULL,
    nombre_proveedor character varying(150) NOT NULL,
    telefono character varying(20) NOT NULL,
    email character varying(100) NOT NULL,
    direccion character varying(150) NOT NULL,
    id_ciudad integer NOT NULL,
    rut character varying(20),
    banco character varying(100),
    tipo_cuenta character varying(20),
    numero_cuenta character varying(30),
    condiciones_pago integer,
    calificacion integer,
    CONSTRAINT proveedor_calificacion_rango CHECK ((((calificacion >= 1) AND (calificacion <= 5)) OR (calificacion IS NULL))),
    CONSTRAINT proveedor_tipo_cuenta_check CHECK ((((tipo_cuenta)::text = ANY ((ARRAY['ahorros'::character varying, 'corriente'::character varying])::text[])) OR (tipo_cuenta IS NULL)))
);


ALTER TABLE public.proveedor OWNER TO david;

--
-- Name: proveedor_materia; Type: TABLE; Schema: public; Owner: david
--

CREATE TABLE public.proveedor_materia (
    id_proveedor_materia integer NOT NULL,
    id_proveedor integer NOT NULL,
    id_materia integer NOT NULL,
    precio_unitario numeric(10,2) NOT NULL,
    cantidad_minima integer NOT NULL
);


ALTER TABLE public.proveedor_materia OWNER TO david;

--
-- Name: proveedor_materia_id_proveedor_materia_seq; Type: SEQUENCE; Schema: public; Owner: david
--

ALTER TABLE public.proveedor_materia ALTER COLUMN id_proveedor_materia ADD GENERATED ALWAYS AS IDENTITY (
    SEQUENCE NAME public.proveedor_materia_id_proveedor_materia_seq
    START WITH 1
    INCREMENT BY 1
    NO MINVALUE
    NO MAXVALUE
    CACHE 1
);


--
-- Name: tipo_contrato; Type: TABLE; Schema: public; Owner: david
--

CREATE TABLE public.tipo_contrato (
    id_tipo_contrato integer NOT NULL,
    descripcion character varying(500) NOT NULL,
    nombre_tipo_contrato character varying(50) NOT NULL,
    CONSTRAINT tipos_contrato CHECK (((nombre_tipo_contrato)::text = ANY ((ARRAY['termino indefinido'::character varying, 'termino fijo'::character varying, 'por obra o labor'::character varying, 'prestacion de servicios'::character varying, 'de aprendizaje'::character varying, 'ocasional'::character varying])::text[])))
);


ALTER TABLE public.tipo_contrato OWNER TO david;

--
-- Name: area_departamento id_area; Type: DEFAULT; Schema: public; Owner: david
--

ALTER TABLE ONLY public.area_departamento ALTER COLUMN id_area SET DEFAULT nextval('public.area_departamento_id_area_seq'::regclass);


--
-- Name: detalle_compra id_detalle_compra; Type: DEFAULT; Schema: public; Owner: david
--

ALTER TABLE ONLY public.detalle_compra ALTER COLUMN id_detalle_compra SET DEFAULT nextval('public.detalle_compra_id_detalle_compra_seq'::regclass);


--
-- Name: detalle_venta id_detalle_venta; Type: DEFAULT; Schema: public; Owner: david
--

ALTER TABLE ONLY public.detalle_venta ALTER COLUMN id_detalle_venta SET DEFAULT nextval('public.detalle_venta_id_detalle_venta_seq'::regclass);


--
-- Name: inventario id_inventario; Type: DEFAULT; Schema: public; Owner: david
--

ALTER TABLE ONLY public.inventario ALTER COLUMN id_inventario SET DEFAULT nextval('public.inventario_id_inventario_seq'::regclass);


--
-- Name: orden_compra id_compra; Type: DEFAULT; Schema: public; Owner: david
--

ALTER TABLE ONLY public.orden_compra ALTER COLUMN id_compra SET DEFAULT nextval('public.orden_compra_id_compra_seq'::regclass);


--
-- Name: orden_venta id_venta; Type: DEFAULT; Schema: public; Owner: david
--

ALTER TABLE ONLY public.orden_venta ALTER COLUMN id_venta SET DEFAULT nextval('public.orden_venta_id_venta_seq'::regclass);


--
-- Name: pais id_pais; Type: DEFAULT; Schema: public; Owner: david
--

ALTER TABLE ONLY public.pais ALTER COLUMN id_pais SET DEFAULT nextval('public.pais_id_pais_seq'::regclass);


--
-- Data for Name: accionista; Type: TABLE DATA; Schema: public; Owner: david
--

COPY public.accionista (id_accionista, nombre, nit, tipo_accionista, nacionalidad, id_empresa, acciones, porcentaje_participacion) FROM stdin;
1	Familia Caicedo Ferrer	860011111-1	controlantes	Colombia	1	45000000	52.30
2	Fondo Porvenir S.A.	860022222-2	institucionales y fondos de inversion	Colombia	1	11500000	13.37
3	BlackRock Inc	US-BLK-001	institucionales y fondos de inversion	Estados Unidos	1	7800000	9.07
4	AFP Proteccion S.A.	860033333-3	institucionales y fondos de inversion	Colombia	1	6200000	7.21
5	Vanguard Group Inc	US-VAN-002	institucionales y fondos de inversion	Estados Unidos	1	3500000	4.07
6	Fideicomiso Andino	860044444-4	fideicomisos	Panama	1	3800000	4.42
7	Inversiones Pacifico S.A.	860055555-5	fideicomisos	Colombia	1	3200000	3.72
8	Carlos Jimenez Mora	79111111-1	minoritarios/personas naturales	Colombia	1	1800000	2.09
9	Ana Lucia Bermudez	52222222-2	minoritarios/personas naturales	Colombia	1	1500000	1.74
10	Pedro Alonso Rios	80333333-3	minoritarios/personas naturales	Colombia	1	1200000	1.40
11	Inversiones Caribe Ltda	860066666-6	fideicomisos	Colombia	1	800000	0.93
12	Otros accionistas minoritarios	N-A	minoritarios/personas naturales	Colombia	1	500000	0.58
\.


--
-- Data for Name: area_departamento; Type: TABLE DATA; Schema: public; Owner: david
--

COPY public.area_departamento (id_area, nombre_area) FROM stdin;
1	Produccion
2	Logistica y Distribucion
3	Ventas y Comercial
4	Recursos Humanos
5	Finanzas y Contabilidad
6	Calidad e Inocuidad
7	Tecnologia e Innovacion
8	Mercadeo
9	Compras y Abastecimiento
10	Gerencia General
\.


--
-- Data for Name: auth_group; Type: TABLE DATA; Schema: public; Owner: david
--

COPY public.auth_group (id, name) FROM stdin;
\.


--
-- Data for Name: auth_group_permissions; Type: TABLE DATA; Schema: public; Owner: david
--

COPY public.auth_group_permissions (id, group_id, permission_id) FROM stdin;
\.


--
-- Data for Name: auth_permission; Type: TABLE DATA; Schema: public; Owner: david
--

COPY public.auth_permission (id, name, content_type_id, codename) FROM stdin;
1	Can add log entry	1	add_logentry
2	Can change log entry	1	change_logentry
3	Can delete log entry	1	delete_logentry
4	Can view log entry	1	view_logentry
5	Can add permission	3	add_permission
6	Can change permission	3	change_permission
7	Can delete permission	3	delete_permission
8	Can view permission	3	view_permission
9	Can add group	2	add_group
10	Can change group	2	change_group
11	Can delete group	2	delete_group
12	Can view group	2	view_group
13	Can add user	4	add_user
14	Can change user	4	change_user
15	Can delete user	4	delete_user
16	Can view user	4	view_user
17	Can add content type	5	add_contenttype
18	Can change content type	5	change_contenttype
19	Can delete content type	5	delete_contenttype
20	Can view content type	5	view_contenttype
21	Can add session	6	add_session
22	Can change session	6	change_session
23	Can delete session	6	delete_session
24	Can view session	6	view_session
\.


--
-- Data for Name: auth_user; Type: TABLE DATA; Schema: public; Owner: david
--

COPY public.auth_user (id, password, last_login, is_superuser, username, first_name, last_name, email, is_staff, is_active, date_joined) FROM stdin;
\.


--
-- Data for Name: auth_user_groups; Type: TABLE DATA; Schema: public; Owner: david
--

COPY public.auth_user_groups (id, user_id, group_id) FROM stdin;
\.


--
-- Data for Name: auth_user_user_permissions; Type: TABLE DATA; Schema: public; Owner: david
--

COPY public.auth_user_user_permissions (id, user_id, permission_id) FROM stdin;
\.


--
-- Data for Name: cargo; Type: TABLE DATA; Schema: public; Owner: david
--

COPY public.cargo (id_cargo, nombre_cargo, salario_base, id_area_depto) FROM stdin;
1	Operario de Produccion	1900000	1
2	Tecnico de Mantenimiento	2400000	1
3	Supervisor de Produccion	3800000	1
4	Jefe de Planta	6500000	1
5	Conductor de Reparto	2200000	2
6	Coordinador Logistico	3500000	2
7	Jefe de Bodega	4200000	2
8	Asesor Comercial	2800000	3
9	Gerente de Ventas Regional	8500000	3
10	Director Comercial	14000000	3
11	Analista de RRHH	3000000	4
12	Contador	3800000	5
13	Inspector de Calidad	2900000	6
14	Desarrollador de Software	5500000	7
15	Analista de Mercadeo	3200000	8
16	Jefe de Compras	5000000	9
17	Gerente General	18000000	10
18	Auxiliar Administrativo	2000000	4
19	Analista de Datos	4500000	7
20	Coordinador de Calidad	4000000	6
\.


--
-- Data for Name: categoria; Type: TABLE DATA; Schema: public; Owner: david
--

COPY public.categoria (id_categoria, nombre_categoria, descripcion) FROM stdin;
1	Dulces	Caramelos duros, chicles, gomitas, masmelos y dulces en general
2	Chocolateria	Chocolates, bombones, cremas de chocolate y productos derivados del cacao
3	Galleteria	Galletas dulces, saladas, waffers, barquillos y pasteles
4	Helados	Paletas de agua y leche, conos, vasos, postres y opciones de scooping
5	Salsas y Aderezos	Salsas, conservas, postres de leche, compotas y mermeladas
6	Cafe	Cafe molido, instantaneo y mezclas bajo la marca Cafe Buendia
7	Snacks	Pasabocas, papas, maiz pira y snacks salados
8	Enlatados de Pescado	Atun, sardinas y conservas de pescado marca Van Camps
9	Temporada	Productos especiales para fechas como Navidad, Halloween y San Valentin
\.


--
-- Data for Name: ciudad; Type: TABLE DATA; Schema: public; Owner: david
--

COPY public.ciudad (id_ciudad, nombre_ciudad, id_pais) FROM stdin;
1	Bogota	1
2	Medellin	1
3	Cali	1
4	Barranquilla	1
5	Bucaramanga	1
6	Pereira	1
7	Manizales	1
8	Cartagena	1
9	Cucuta	1
10	Ibague	1
11	Zarzal	1
12	Santander de Quilichao	1
13	Tulua	1
14	Itagui	1
15	Palmira	1
16	Ciudad de Guatemala	2
17	Alcala de Henares	3
18	Ciudad de Mexico	4
19	Miami	5
20	Quito	6
21	Lima	7
22	Caracas	8
23	Ciudad de Panama	9
24	San Jose	10
25	Tegucigalpa	11
\.


--
-- Data for Name: clientes; Type: TABLE DATA; Schema: public; Owner: david
--

COPY public.clientes (id_cliente, nit, nombre_cliente, tipo_cliente, canal_distribucion, direccion, id_ciudad, telefono, email, credito_autorizado, autorizacion_habeas_data, representante_legal, tipo_regimen_tributario) FROM stdin;
4	977801925-4	Importadora Lopez S.A.S	Institucional	Tienda tradicional	Calle 81 No 5-82	4	6065752442	pedidos4@cliente4.co	t	t	Carlos Andrés Muñoz	responsable_iva
5	956656063-1	Importadora Martinez S.A.S	Mayorista	Tienda tradicional	Calle 79 No 31-25	1	6099320724	pedidos5@cliente5.co	t	t	Diana Marcela Vargas	responsable_iva
6	896696865-0	Tienda Flores S.A.S	Mayorista	Tienda tradicional	Calle 11 No 35-3	5	6075214072	pedidos6@cliente6.co	t	t	Sebastián Torres	responsable_iva
7	854609925-1	Surtidora Medina Ltda	Mayorista	Supermercado cadena	Calle 97 No 48-38	2	6098876525	pedidos7@cliente7.co	t	t	Paula Andrea Jiménez	responsable_iva
8	838009730-8	Distribuciones Nunez S.A.S	Institucional	Tienda tradicional	Calle 73 No 23-56	10	6074172407	pedidos8@cliente8.co	f	t	Jorge Iván Ramírez	responsable_iva
9	810191265-8	Supermercado Cruz Ltda	Institucional	E-commerce	Calle 90 No 59-89	1	6099342256	pedidos9@cliente9.co	f	t	Natalia Andrea Cárdenas	responsable_iva
13	902905732-0	Almacen Flores Ltda	Distribuidor	Tienda tradicional	Calle 105 No 12-30	15	6019532978	pedidos13@cliente13.co	t	t	María Camila Rojas	responsable_iva
14	986321927-4	Comercializadora Cardenas S.A.S	Mayorista	Supermercado cadena	Calle 54 No 39-27	4	6048911837	pedidos14@cliente14.co	t	t	Juan Pablo Castro	responsable_iva
12	833312019-6	Proveedora Herrera S.A.S	Minorista	Tienda tradicional	Calle 100 No 55-25	13	6046045794	pedidos12@cliente12.co	f	f	Andrés Felipe Gómez	no_responsable_iva
10	914934081-9	Minimarket Vega Ltda	Minorista	Institucional	Calle 44 No 57-34	3	6092936397	pedidos10@cliente10.co	f	t	Felipe Ortiz	no_responsable_iva
11	855098197-8	Comercializadora Diaz Ltda	Minorista	Distribuidor regional	Calle 92 No 58-1	6	6097619516	pedidos11@cliente11.co	t	t	Camila Andrea Salazar	no_responsable_iva
15	976206214-8	Servicios Silva Ltda	Minorista	Distribuidor regional	Calle 12 No 37-73	10	6012259974	pedidos15@cliente15.co	f	t	Laura Valentina Ríos	no_responsable_iva
16	923974787-1	Servicios Alvarez Ltda	Minorista	Tienda tradicional	Calle 120 No 8-52	12	6032727498	pedidos16@cliente16.co	f	t	Carlos Andrés Muñoz	no_responsable_iva
17	827765243-9	Supermercado Diaz Ltda	Minorista	Tienda tradicional	Calle 111 No 53-42	6	6062750839	pedidos17@cliente17.co	f	t	Diana Marcela Vargas	no_responsable_iva
18	891319486-7	Supermercado Torres Ltda	Minorista	Distribuidor regional	Calle 33 No 17-5	1	6064900334	pedidos18@cliente18.co	f	t	Sebastián Torres	no_responsable_iva
33	847781429-9	Drogueria Reyes S.A.S	Distribuidor	Supermercado cadena	Calle 100 No 44-21	13	6072703848	pedidos33@cliente33.co	t	t	Natalia Andrea Cárdenas	responsable_iva
34	915102773-6	Servicios Salazar S.A.S	Institucional	Tienda tradicional	Calle 43 No 19-28	3	6067353830	pedidos34@cliente34.co	t	t	Felipe Ortiz	responsable_iva
35	929498505-0	Surtidora Salazar S.A.S	Mayorista	Tienda tradicional	Calle 72 No 30-53	13	6081793107	pedidos35@cliente35.co	t	t	Camila Andrea Salazar	responsable_iva
37	924357143-0	Surtidora Herrera S.A.S	Minorista	Tienda tradicional	Calle 56 No 6-9	12	6016385680	pedidos37@cliente37.co	f	t	María Camila Rojas	no_responsable_iva
79	864006047-2	Mayorista Gomez S.A.S	Distribuidor	Distribuidor regional	Calle 35 No 7-64	12	6052788648	pedidos79@cliente79.co	t	t	Paula Andrea Jiménez	responsable_iva
80	864194452-0	Proveedora Rodriguez Ltda	Distribuidor	Tienda tradicional	Calle 30 No 16-24	14	6011249657	pedidos80@cliente80.co	t	t	Jorge Iván Ramírez	responsable_iva
81	939744960-0	Surtidora Diaz S.A.S	Institucional	Supermercado cadena	Calle 28 No 35-37	14	6042591342	pedidos81@cliente81.co	f	t	Natalia Andrea Cárdenas	responsable_iva
19	933178867-4	Tienda Cruz S.A.S	Institucional	Canal moderno	Calle 13 No 12-21	8	6041738405	pedidos19@cliente19.co	t	t	Paula Andrea Jiménez	responsable_iva
104	940157005-4	Tienda Gonzalez S.A.S	Minorista	Tienda tradicional	Calle 108 No 12-70	11	6049374207	pedidos104@cliente104.co	t	t	Jorge Iván Ramírez	no_responsable_iva
38	961631431-5	Proveedora Medina Ltda	Minorista	Tienda tradicional	Calle 68 No 20-16	12	6097748910	pedidos38@cliente38.co	f	t	Juan Pablo Castro	no_responsable_iva
39	907326651-1	Supermercado Cardenas Ltda	Minorista	Tienda tradicional	Calle 98 No 7-17	9	6045856409	pedidos39@cliente39.co	f	t	Laura Valentina Ríos	no_responsable_iva
41	845692894-7	Importadora Martinez Ltda	Minorista	Distribuidor regional	Calle 85 No 13-84	2	6069774182	pedidos41@cliente41.co	f	t	Diana Marcela Vargas	no_responsable_iva
46	892689685-1	Drogueria Ospina Ltda	Minorista	Distribuidor regional	Calle 6 No 38-85	8	6084409245	pedidos46@cliente46.co	t	t	Felipe Ortiz	no_responsable_iva
47	992389207-4	Importadora Mora Ltda	Minorista	Supermercado cadena	Calle 53 No 4-34	4	6091157222	pedidos47@cliente47.co	t	t	Camila Andrea Salazar	no_responsable_iva
49	812643383-1	Miscelanea Rios S.A.S	Minorista	Tienda tradicional	Calle 10 No 40-98	5	6065037511	pedidos49@cliente49.co	f	t	María Camila Rojas	no_responsable_iva
50	802082422-9	Almacen Nunez S.A.S	Minorista	Tienda tradicional	Calle 10 No 50-61	12	6035122506	pedidos50@cliente50.co	f	t	Juan Pablo Castro	no_responsable_iva
51	886644659-8	Servicios Alvarez Ltda	Minorista	Distribuidor regional	Calle 11 No 56-60	2	6025309183	pedidos51@cliente51.co	f	t	Laura Valentina Ríos	no_responsable_iva
2	917753488-1	Servicios Silva S.A.S	Minorista	Supermercado cadena	Calle 65 No 40-77	10	6013312553	pedidos2@cliente2.co	f	t	Juan Pablo Castro	no_responsable_iva
52	922509464-8	Supermercado Gomez S.A.S	Minorista	Distribuidor regional	Calle 116 No 51-20	2	6053737376	pedidos52@cliente52.co	t	t	Carlos Andrés Muñoz	no_responsable_iva
53	810756500-7	Surtidora Sanchez Ltda	Minorista	Distribuidor regional	Calle 89 No 17-90	9	6076251417	pedidos53@cliente53.co	f	t	Diana Marcela Vargas	no_responsable_iva
54	829974448-3	Comercializadora Vega Ltda	Minorista	Institucional	Calle 110 No 29-44	7	6025418307	pedidos54@cliente54.co	f	t	Sebastián Torres	no_responsable_iva
56	932776412-3	Abarrotes Vargas S.A.S	Minorista	Tienda tradicional	Calle 52 No 52-85	13	6081883378	pedidos56@cliente56.co	f	t	Jorge Iván Ramírez	no_responsable_iva
64	831983769-0	Supermercado Sanchez S.A.S	Minorista	Canal moderno	Calle 14 No 15-94	1	6068243915	pedidos64@cliente64.co	t	t	Carlos Andrés Muñoz	no_responsable_iva
68	935982994-3	Deposito Arango Ltda	Minorista	Tienda tradicional	Calle 117 No 5-77	15	6084077783	pedidos68@cliente68.co	f	t	Jorge Iván Ramírez	no_responsable_iva
69	990002041-8	Mayorista Vega Ltda	Minorista	Distribuidor regional	Calle 27 No 26-31	10	6012207042	pedidos69@cliente69.co	f	t	Natalia Andrea Cárdenas	no_responsable_iva
70	941236752-6	Surtidora Silva S.A.S	Minorista	Tienda tradicional	Calle 43 No 10-19	3	6014505194	pedidos70@cliente70.co	t	t	Felipe Ortiz	no_responsable_iva
74	820402198-7	Almacen Diaz S.A.S	Minorista	Supermercado cadena	Calle 84 No 4-52	3	6069668938	pedidos74@cliente74.co	f	t	Juan Pablo Castro	no_responsable_iva
75	907613987-6	Servicios Cruz S.A.S	Minorista	Institucional	Calle 24 No 47-48	6	6067575728	pedidos75@cliente75.co	f	t	Laura Valentina Ríos	no_responsable_iva
77	801864250-5	Distribuciones Silva Ltda	Minorista	Institucional	Calle 85 No 21-99	3	6024642866	pedidos77@cliente77.co	t	t	Diana Marcela Vargas	no_responsable_iva
83	935993329-1	Abarrotes Cardenas Ltda	Minorista	Distribuidor regional	Calle 114 No 14-25	14	6031904215	pedidos83@cliente83.co	f	t	Camila Andrea Salazar	no_responsable_iva
93	827390331-4	Surtidora Alvarez S.A.S	Minorista	Institucional	Calle 12 No 4-45	9	6027061887	pedidos93@cliente93.co	f	t	Natalia Andrea Cárdenas	no_responsable_iva
95	894537199-8	Comercializadora Herrera S.A.S	Minorista	Distribuidor regional	Calle 40 No 5-80	12	6076383082	pedidos95@cliente95.co	t	t	Camila Andrea Salazar	no_responsable_iva
98	878896308-0	Importadora Salazar Ltda	Minorista	Canal moderno	Calle 17 No 34-47	8	6057347489	pedidos98@cliente98.co	t	t	Juan Pablo Castro	no_responsable_iva
99	806111465-6	Drogueria Gomez Ltda	Minorista	Tienda tradicional	Calle 65 No 39-44	12	6029993422	pedidos99@cliente99.co	t	t	Laura Valentina Ríos	no_responsable_iva
102	882188931-9	Proveedora Mora S.A.S	Minorista	Tienda tradicional	Calle 44 No 21-31	1	6036982801	pedidos102@cliente102.co	f	t	Sebastián Torres	no_responsable_iva
111	818516715-0	Comercializadora Rivera Ltda	Minorista	Tienda tradicional	Calle 12 No 24-15	5	6066268725	pedidos111@cliente111.co	t	t	Laura Valentina Ríos	no_responsable_iva
112	866018549-2	Deposito Reyes S.A.S	Minorista	E-commerce	Calle 31 No 42-67	4	6043258106	pedidos112@cliente112.co	f	t	Carlos Andrés Muñoz	no_responsable_iva
20	991422935-2	Almacen Sanchez Ltda	Distribuidor	Canal moderno	Calle 72 No 51-88	10	6051088121	pedidos20@cliente20.co	f	t	Jorge Iván Ramírez	responsable_iva
21	871874169-5	Mayorista Silva Ltda	Mayorista	Canal moderno	Calle 36 No 44-16	11	6092456402	pedidos21@cliente21.co	t	t	Natalia Andrea Cárdenas	responsable_iva
22	933601136-1	Almacen Mora Ltda	Institucional	Institucional	Calle 59 No 12-83	9	6062896366	pedidos22@cliente22.co	f	t	Felipe Ortiz	responsable_iva
23	928182853-7	Minimarket Garcia Ltda	Mayorista	Tienda tradicional	Calle 3 No 48-7	3	6049934864	pedidos23@cliente23.co	t	t	Camila Andrea Salazar	responsable_iva
25	833398341-3	Supermercado Lopez Ltda	Mayorista	Institucional	Calle 35 No 25-96	15	6088726895	pedidos25@cliente25.co	t	t	María Camila Rojas	responsable_iva
26	989982657-6	Abarrotes Rios Ltda	Institucional	Institucional	Calle 29 No 33-45	15	6082613276	pedidos26@cliente26.co	f	t	Juan Pablo Castro	responsable_iva
27	901473902-9	Comercializadora Salazar S.A.S	Institucional	Canal moderno	Calle 58 No 59-15	1	6041801984	pedidos27@cliente27.co	t	t	Laura Valentina Ríos	responsable_iva
28	993460702-9	Importadora Sanchez Ltda	Institucional	Tienda tradicional	Calle 107 No 18-37	9	6043700276	pedidos28@cliente28.co	f	t	Carlos Andrés Muñoz	responsable_iva
29	875785023-5	Tienda Salazar S.A.S	Mayorista	Institucional	Calle 24 No 37-72	11	6027942720	pedidos29@cliente29.co	t	t	Diana Marcela Vargas	responsable_iva
30	906170667-6	Tienda Rivera S.A.S	Mayorista	Supermercado cadena	Calle 110 No 54-60	15	6023167239	pedidos30@cliente30.co	t	t	Sebastián Torres	responsable_iva
31	967727564-3	Servicios Medina S.A.S	Distribuidor	Distribuidor regional	Calle 4 No 58-81	10	6016698519	pedidos31@cliente31.co	t	t	Paula Andrea Jiménez	responsable_iva
32	928124437-4	Mayorista Ramirez Ltda	Institucional	Institucional	Calle 91 No 34-62	5	6024554061	pedidos32@cliente32.co	f	t	Jorge Iván Ramírez	responsable_iva
103	859729274-2	Proveedora Nunez Ltda	Institucional	Distribuidor regional	Calle 118 No 42-31	8	6012153779	pedidos103@cliente103.co	f	t	Paula Andrea Jiménez	responsable_iva
24	838649186-6	Distribuciones Rivera S.A.S	Distribuidor	Tienda tradicional	Calle 24 No 10-77	14	6099114275	pedidos24@cliente24.co	t	f	Andrés Felipe Gómez	responsable_iva
40	939123289-8	Abarrotes Mora S.A.S	Institucional	Institucional	Calle 95 No 19-64	9	6044056685	pedidos40@cliente40.co	f	t	Carlos Andrés Muñoz	responsable_iva
42	897256335-2	Distribuciones Morales Ltda	Distribuidor	Canal moderno	Calle 118 No 1-45	7	6013124114	pedidos42@cliente42.co	t	t	Sebastián Torres	responsable_iva
43	882455004-8	Almacen Ortiz S.A.S	Institucional	Distribuidor regional	Calle 107 No 32-4	8	6044711387	pedidos43@cliente43.co	f	t	Paula Andrea Jiménez	responsable_iva
44	827715829-2	Miscelanea Rivera Ltda	Distribuidor	E-commerce	Calle 50 No 32-62	12	6072274524	pedidos44@cliente44.co	t	t	Jorge Iván Ramírez	responsable_iva
45	917317255-0	Surtidora Martinez S.A.S	Distribuidor	Institucional	Calle 42 No 23-53	6	6049611721	pedidos45@cliente45.co	f	t	Natalia Andrea Cárdenas	responsable_iva
3	957563761-5	Importadora Mora S.A.S	Mayorista	Tienda tradicional	Calle 24 No 28-16	3	6022571323	pedidos3@cliente3.co	t	t	Laura Valentina Ríos	responsable_iva
55	914426617-7	Drogueria Mora Ltda	Distribuidor	Tienda tradicional	Calle 100 No 59-80	3	6074471015	pedidos55@cliente55.co	f	t	Paula Andrea Jiménez	responsable_iva
57	915896697-7	Abarrotes Arango Ltda	Institucional	Tienda tradicional	Calle 107 No 35-83	14	6089879692	pedidos57@cliente57.co	t	t	Natalia Andrea Cárdenas	responsable_iva
58	844603340-7	Proveedora Sanchez Ltda	Mayorista	Institucional	Calle 119 No 5-62	7	6046324752	pedidos58@cliente58.co	t	t	Felipe Ortiz	responsable_iva
59	995138165-5	Comercializadora Nunez Ltda	Mayorista	Canal moderno	Calle 51 No 8-59	1	6096700683	pedidos59@cliente59.co	t	t	Camila Andrea Salazar	responsable_iva
61	839446172-8	Mayorista Rivera Ltda	Distribuidor	Supermercado cadena	Calle 18 No 4-59	10	6011076973	pedidos61@cliente61.co	t	t	María Camila Rojas	responsable_iva
62	814084998-7	Abarrotes Ospina S.A.S	Institucional	Supermercado cadena	Calle 85 No 11-69	15	6045323310	pedidos62@cliente62.co	t	t	Juan Pablo Castro	responsable_iva
63	942026528-7	Abarrotes Rivera Ltda	Institucional	Tienda tradicional	Calle 84 No 13-87	4	6057967555	pedidos63@cliente63.co	t	t	Laura Valentina Ríos	responsable_iva
65	939795559-4	Tienda Flores Ltda	Institucional	Distribuidor regional	Calle 77 No 6-32	7	6027021759	pedidos65@cliente65.co	t	t	Diana Marcela Vargas	responsable_iva
66	811691102-4	Miscelanea Herrera Ltda	Mayorista	Canal moderno	Calle 64 No 39-43	15	6086888295	pedidos66@cliente66.co	t	t	Sebastián Torres	responsable_iva
116	840578362-7	Supermercado Lopez S.A.S	Minorista	Tienda tradicional	Calle 1 No 9-44	15	6097997922	pedidos116@cliente116.co	f	t	Jorge Iván Ramírez	no_responsable_iva
118	858008022-5	Importadora Gonzalez Ltda	Minorista	E-commerce	Calle 112 No 17-21	2	6037742341	pedidos118@cliente118.co	f	t	Felipe Ortiz	no_responsable_iva
60	969441443-2	Abarrotes Rojas Ltda	Minorista	E-commerce	Calle 106 No 45-77	2	6061265208	pedidos60@cliente60.co	t	f	Andrés Felipe Gómez	no_responsable_iva
120	943082006-8	Drogueria Torres Ltda	Minorista	Distribuidor regional	Calle 6 No 38-81	13	6047265351	pedidos120@cliente120.co	f	f	Andrés Felipe Gómez	no_responsable_iva
67	972745850-3	Tienda Sanchez S.A.S	Institucional	Distribuidor regional	Calle 120 No 54-98	15	6059903485	pedidos67@cliente67.co	f	t	Paula Andrea Jiménez	responsable_iva
71	919109182-4	Tienda Castillo Ltda	Distribuidor	Distribuidor regional	Calle 31 No 23-5	7	6061766515	pedidos71@cliente71.co	f	t	Camila Andrea Salazar	responsable_iva
73	857306865-3	Minimarket Ospina S.A.S	Distribuidor	Tienda tradicional	Calle 60 No 14-98	15	6044462355	pedidos73@cliente73.co	t	t	María Camila Rojas	responsable_iva
76	958631465-6	Abarrotes Ospina Ltda	Institucional	Canal moderno	Calle 17 No 53-67	3	6041579104	pedidos76@cliente76.co	t	t	Carlos Andrés Muñoz	responsable_iva
78	916248052-3	Proveedora Vargas Ltda	Institucional	E-commerce	Calle 95 No 9-70	8	6029271199	pedidos78@cliente78.co	t	t	Sebastián Torres	responsable_iva
82	901947433-5	Almacen Mora Ltda	Institucional	Supermercado cadena	Calle 105 No 42-58	7	6072434679	pedidos82@cliente82.co	t	t	Felipe Ortiz	responsable_iva
85	964641926-8	Abarrotes Morales S.A.S	Mayorista	Canal moderno	Calle 46 No 51-83	6	6023936099	pedidos85@cliente85.co	f	t	María Camila Rojas	responsable_iva
86	804984273-5	Proveedora Ramirez Ltda	Distribuidor	Distribuidor regional	Calle 51 No 52-55	1	6096340865	pedidos86@cliente86.co	t	t	Juan Pablo Castro	responsable_iva
87	872090636-5	Supermercado Ramirez Ltda	Distribuidor	Supermercado cadena	Calle 56 No 41-22	4	6023393694	pedidos87@cliente87.co	t	t	Laura Valentina Ríos	responsable_iva
88	917425830-8	Drogueria Jimenez S.A.S	Mayorista	Tienda tradicional	Calle 39 No 35-73	11	6095086973	pedidos88@cliente88.co	t	t	Carlos Andrés Muñoz	responsable_iva
89	924160939-8	Miscelanea Vega S.A.S	Institucional	Supermercado cadena	Calle 83 No 50-51	7	6023282400	pedidos89@cliente89.co	f	t	Diana Marcela Vargas	responsable_iva
90	812869453-4	Minimarket Ruiz Ltda	Mayorista	Distribuidor regional	Calle 19 No 15-31	6	6031631071	pedidos90@cliente90.co	t	t	Sebastián Torres	responsable_iva
91	990498338-5	Abarrotes Mendoza Ltda	Distribuidor	Distribuidor regional	Calle 84 No 1-30	9	6069962303	pedidos91@cliente91.co	f	t	Paula Andrea Jiménez	responsable_iva
92	809670568-1	Miscelanea Cruz Ltda	Distribuidor	Tienda tradicional	Calle 54 No 9-30	10	6021623437	pedidos92@cliente92.co	f	t	Jorge Iván Ramírez	responsable_iva
94	803367262-8	Comercializadora Sanchez Ltda	Mayorista	Distribuidor regional	Calle 105 No 18-33	13	6098104709	pedidos94@cliente94.co	f	t	Felipe Ortiz	responsable_iva
97	827377619-3	Tienda Martinez Ltda	Mayorista	E-commerce	Calle 116 No 9-48	4	6023444906	pedidos97@cliente97.co	t	t	María Camila Rojas	responsable_iva
100	810645705-9	Miscelanea Cano S.A.S	Institucional	Supermercado cadena	Calle 96 No 43-20	2	6096415548	pedidos100@cliente100.co	t	t	Carlos Andrés Muñoz	responsable_iva
101	929803247-2	Supermercado Martinez S.A.S	Institucional	Distribuidor regional	Calle 40 No 23-8	4	6055728253	pedidos101@cliente101.co	f	t	Diana Marcela Vargas	responsable_iva
105	813429524-5	Servicios Gonzalez Ltda	Mayorista	Tienda tradicional	Calle 45 No 27-82	15	6028891017	pedidos105@cliente105.co	t	t	Natalia Andrea Cárdenas	responsable_iva
106	942320481-0	Servicios Arango Ltda	Institucional	Distribuidor regional	Calle 97 No 48-25	10	6012922656	pedidos106@cliente106.co	f	t	Felipe Ortiz	responsable_iva
107	873472537-8	Drogueria Garcia Ltda	Distribuidor	Distribuidor regional	Calle 107 No 43-74	2	6069671782	pedidos107@cliente107.co	t	t	Camila Andrea Salazar	responsable_iva
109	830048635-5	Surtidora Cruz Ltda	Distribuidor	Distribuidor regional	Calle 97 No 16-79	2	6087706866	pedidos109@cliente109.co	t	t	María Camila Rojas	responsable_iva
110	939267374-2	Comercializadora Mendoza S.A.S	Distribuidor	Institucional	Calle 60 No 12-95	7	6073546887	pedidos110@cliente110.co	t	t	Juan Pablo Castro	responsable_iva
113	804814109-1	Miscelanea Herrera Ltda	Mayorista	Institucional	Calle 14 No 14-43	3	6085959476	pedidos113@cliente113.co	t	t	Diana Marcela Vargas	responsable_iva
114	884854965-8	Almacen Martinez Ltda	Mayorista	Tienda tradicional	Calle 61 No 46-1	9	6029991939	pedidos114@cliente114.co	t	t	Sebastián Torres	responsable_iva
115	853032001-8	Almacen Flores Ltda	Distribuidor	Distribuidor regional	Calle 110 No 43-7	2	6029233616	pedidos115@cliente115.co	t	t	Paula Andrea Jiménez	responsable_iva
117	959856951-5	Abarrotes Lopez S.A.S	Distribuidor	Tienda tradicional	Calle 119 No 17-27	3	6049545413	pedidos117@cliente117.co	t	t	Natalia Andrea Cárdenas	responsable_iva
119	907620746-4	Miscelanea Castillo S.A.S	Mayorista	E-commerce	Calle 5 No 38-44	8	6053628822	pedidos119@cliente119.co	t	t	Camila Andrea Salazar	responsable_iva
1	989160730-2	Servicios Cardenas Ltda	Distribuidor	Tienda tradicional	Calle 13 No 24-82	2	6022449788	pedidos1@cliente1.co	t	t	María Camila Rojas	responsable_iva
36	879656460-7	Mayorista Perez Ltda	Distribuidor	Tienda tradicional	Calle 79 No 5-10	4	6094111385	pedidos36@cliente36.co	t	f	Andrés Felipe Gómez	responsable_iva
48	942928317-4	Servicios Nunez Ltda	Distribuidor	Distribuidor regional	Calle 72 No 37-83	12	6088064554	pedidos48@cliente48.co	f	f	Andrés Felipe Gómez	responsable_iva
72	840526848-5	Minimarket Vega Ltda	Institucional	Supermercado cadena	Calle 100 No 45-12	3	6089853020	pedidos72@cliente72.co	f	f	Andrés Felipe Gómez	responsable_iva
84	944983098-3	Distribuciones Gomez S.A.S	Mayorista	Supermercado cadena	Calle 96 No 24-83	5	6028774022	pedidos84@cliente84.co	t	f	Andrés Felipe Gómez	responsable_iva
96	935211188-4	Proveedora Vargas Ltda	Mayorista	E-commerce	Calle 113 No 59-29	5	6058652792	pedidos96@cliente96.co	t	f	Andrés Felipe Gómez	responsable_iva
108	804896131-8	Miscelanea Rodriguez Ltda	Institucional	Tienda tradicional	Calle 118 No 45-95	9	6091965975	pedidos108@cliente108.co	f	f	Andrés Felipe Gómez	responsable_iva
\.


--
-- Data for Name: detalle_compra; Type: TABLE DATA; Schema: public; Owner: david
--

COPY public.detalle_compra (id_detalle_compra, id_compra, id_prod, cantidad_prods, precio_historico, subtotal) FROM stdin;
1	1	32	846	5990.31	5067802.26
2	1	18	1080	4558.05	4922694.0
3	1	5	1203	1749.37	2104492.11
4	1	20	479	1354.93	649011.47
5	1	39	1810	4527.09	8194032.9
6	1	14	108	3079.09	332541.72
7	1	35	1378	3165.57	4362155.46
8	2	36	1299	2175.08	2825428.92
9	2	11	1863	558.04	1039628.52
10	2	27	1949	4716.76	9192965.24
11	3	34	1586	1552.02	2461503.72
12	3	31	892	5641.55	5032262.6
13	3	32	982	5710.75	5607956.5
14	3	8	665	2257.12	1500984.8
15	4	38	702	7958.86	5587119.72
16	4	30	1131	3469.74	3924275.94
17	4	16	765	1390.53	1063755.45
18	4	4	313	2743.48	858709.24
19	4	33	1467	1011.58	1483987.86
20	5	19	858	1637.24	1404751.92
21	5	34	1635	1622.18	2652264.3
22	5	32	1424	6631.12	9442714.88
23	5	40	342	4981.96	1703830.32
24	5	11	1354	557.89	755383.06
25	6	26	1428	3016.91	4308147.48
26	6	36	340	2801.88	952639.2
27	6	7	617	924.46	570391.82
28	6	39	1062	6461.44	6862049.28
29	7	20	1724	1162.08	2003425.92
30	7	11	1901	502.44	955138.44
31	7	31	1576	5575.9	8787618.4
32	7	37	607	1744.32	1058802.24
33	7	4	1136	2431.39	2762059.04
34	7	2	1835	2209.4	4054249.0
35	8	27	185	4591.54	849434.9
36	8	34	655	1693.28	1109098.4
37	8	21	1738	1413.34	2456384.92
38	8	40	376	5745.47	2160296.72
39	8	33	366	1184.6	433563.6
40	8	13	1907	499.34	952241.38
41	9	32	1004	6095.26	6119641.04
42	9	8	1300	2182.54	2837302.0
43	9	26	1890	2888.38	5459038.2
44	9	31	1454	4520.22	6572399.88
45	9	18	1394	6465.02	9012237.88
46	10	17	1861	1267.12	2358110.32
47	10	13	1950	553.3	1078935.0
48	10	31	885	4423.92	3915169.2
49	10	40	882	4977.67	4390304.94
50	10	11	1655	487.16	806249.8
51	11	14	1456	2567.04	3737610.24
52	11	7	1677	910.58	1527042.66
53	12	32	1916	7112.11	13626802.76
54	12	3	1678	2300.99	3861061.22
55	12	12	1292	328.99	425055.08
56	13	18	1963	4428.78	8693695.14
57	13	21	1813	1057.5	1917247.5
58	13	22	414	1164.43	482074.02
59	13	31	214	6008.73	1285868.22
60	13	13	370	432.27	159939.9
61	14	1	1633	2125.89	3471578.37
62	14	19	1204	1613.89	1943123.56
63	15	10	989	293.65	290419.85
64	15	1	1505	2443.93	3678114.65
65	15	2	130	2040.07	265209.1
66	15	22	669	1465.25	980252.25
67	16	5	580	1450.98	841568.4
68	16	16	722	1706.86	1232352.92
69	16	28	1018	4058.97	4132031.46
70	16	21	398	1080.28	429951.44
71	16	38	253	7230.88	1829412.64
72	17	37	1513	2376.1	3595039.3
73	17	26	806	2815.71	2269462.26
74	17	18	973	5611.7	5460184.1
75	17	20	1172	1367.51	1602721.72
76	17	1	1278	2122.43	2712465.54
77	17	30	1036	2496.6	2586477.6
78	18	29	593	2825.7	1675640.1
79	18	32	1996	7409.59	14789541.64
80	18	4	1096	2213.87	2426401.52
81	19	32	1097	6012.61	6595833.17
82	19	10	1469	250.66	368219.54
83	19	18	1142	5451.09	6225144.78
84	20	20	1125	1732.03	1948533.75
85	20	15	1158	1186.12	1373526.96
86	20	21	408	1050.74	428701.92
87	20	28	923	3808.59	3515328.57
88	20	9	510	234.35	119518.5
89	20	25	1426	1859.04	2650991.04
90	20	16	1057	1463.03	1546422.71
91	21	21	296	1098.07	325028.72
92	21	1	220	2507.19	551581.8
93	21	26	140	3511.95	491673.0
94	22	10	145	297.13	43083.85
95	22	28	786	4674.0	3673764.0
96	22	13	790	493.78	390086.2
97	22	29	840	2452.44	2060049.6
98	22	12	550	414.3	227865.0
99	22	39	1950	4657.6	9082320.0
100	23	9	388	239.68	92995.84
101	23	12	1068	430.91	460211.88
102	23	3	357	2744.13	979654.41
103	23	6	254	1436.66	364911.64
104	23	14	1864	2193.04	4087826.56
105	23	17	1959	1349.18	2643043.62
106	23	16	618	1507.68	931746.24
107	24	12	1730	371.67	642989.1
108	24	8	926	2058.89	1906532.14
109	24	11	646	480.38	310325.48
110	25	25	822	2290.55	1882832.1
111	25	7	1168	684.03	798947.04
112	25	11	1621	410.12	664804.52
113	25	39	1483	6185.0	9172355.0
114	25	32	940	6092.9	5727326.0
115	25	24	1917	2126.07	4075676.19
116	26	6	1067	1525.86	1628092.62
117	26	35	1396	3273.07	4569205.72
118	26	12	1800	445.65	802170.0
119	27	7	439	701.76	308072.64
120	27	11	1058	504.45	533708.1
121	27	27	1770	4190.94	7417963.8
122	27	5	726	1687.66	1225241.16
123	27	40	1487	5454.97	8111540.39
124	27	9	681	288.26	196305.06
125	28	40	472	4762.2	2247758.4
126	28	18	103	6029.35	621023.05
127	28	39	395	4750.92	1876613.4
128	29	15	1634	997.81	1630421.54
129	29	6	735	1449.87	1065654.45
130	29	32	1630	6098.72	9940913.6
131	29	40	1265	3973.45	5026414.25
132	29	12	1510	400.81	605223.1
133	29	8	1428	1846.36	2636602.08
134	29	11	524	493.38	258531.12
135	30	34	1571	1605.42	2522114.82
136	30	33	320	1116.74	357356.8
137	30	38	208	6756.81	1405416.48
138	31	9	900	332.61	299349.0
139	31	10	1232	235.08	289618.56
140	31	23	1760	1204.53	2119972.8
141	31	21	1516	1237.42	1875928.72
142	32	37	260	1996.1	518986.0
143	32	28	123	3838.13	472089.99
144	32	34	342	1551.65	530664.3
145	32	38	653	6331.18	4134260.54
146	32	24	730	1878.2	1371086.0
147	32	26	1677	3148.82	5280571.14
148	32	11	865	468.62	405356.3
149	33	36	1253	2608.46	3268400.38
150	33	22	386	1519.83	586654.38
151	34	2	774	2568.66	1988142.84
152	34	3	1625	2863.99	4653983.75
153	34	11	1118	554.06	619439.08
154	34	38	979	8071.22	7901724.38
155	34	12	344	441.24	151786.56
156	35	31	1920	6005.71	11530963.2
157	35	32	1407	6363.24	8953078.68
158	35	24	1867	1479.43	2762095.81
159	35	10	759	259.93	197286.87
160	35	39	1285	4523.6	5812826.0
161	36	12	1036	450.67	466894.12
162	36	35	1659	2422.93	4019640.87
163	36	31	446	6830.57	3046434.22
164	37	3	1268	2165.67	2746069.56
165	37	1	185	1952.78	361264.3
166	37	14	1886	3058.31	5767972.66
167	38	12	1048	465.86	488221.28
168	38	4	1691	2349.55	3973089.05
169	39	31	938	6384.83	5988970.54
170	39	28	1350	4648.51	6275488.5
171	39	4	1567	2234.11	3500850.37
172	39	38	842	6633.7	5585575.4
173	39	11	576	513.36	295695.36
174	40	10	1680	261.66	439588.8
175	40	19	311	1673.62	520495.82
176	40	29	517	2823.44	1459718.48
177	41	10	1240	339.83	421389.2
178	41	21	909	1326.33	1205633.97
179	41	36	1680	3300.46	5544772.8
180	41	37	1329	1915.69	2545952.01
181	41	6	1023	1263.12	1292171.76
182	41	17	675	1846.15	1246151.25
183	42	29	1997	2718.39	5428624.83
184	42	22	1445	1407.99	2034545.55
185	42	2	1917	2573.92	4934204.64
186	42	20	1825	1411.1	2575257.5
187	42	34	813	1996.01	1622756.13
188	42	5	335	1500.35	502617.25
189	43	7	799	999.02	798216.98
190	43	2	1394	2677.09	3731863.46
191	43	28	767	3639.08	2791174.36
192	43	9	233	322.91	75238.03
193	43	22	941	1492.98	1404894.18
194	44	5	1454	1854.76	2696821.04
195	44	10	1953	251.24	490671.72
196	44	18	1572	5458.96	8581485.12
197	44	39	835	5279.17	4408106.95
198	44	11	1407	478.37	673066.59
199	45	5	597	1580.39	943492.83
200	45	11	1556	369.09	574304.04
201	45	29	734	2133.58	1566047.72
202	45	4	1492	2544.65	3796617.8
203	45	32	1265	7266.05	9191553.25
204	45	7	627	833.64	522692.28
205	46	19	1487	1245.66	1852296.42
206	46	20	367	1721.77	631889.59
207	46	3	1774	2863.16	5079245.84
208	46	27	879	3093.76	2719415.04
209	47	9	1278	324.48	414685.44
210	47	35	1174	2754.12	3233336.88
211	47	17	794	1543.69	1225689.86
212	47	5	1925	1875.37	3610087.25
213	47	7	763	910.91	695024.33
214	47	4	1521	2754.0	4188834.0
215	47	3	1822	2344.08	4270913.76
216	48	14	1595	2909.16	4640110.2
217	48	5	788	1308.77	1031310.76
218	48	36	282	2371.12	668655.84
219	48	22	1901	1635.1	3108325.1
220	48	4	944	2057.52	1942298.88
221	48	34	123	2194.0	269862.0
222	49	36	1096	2553.32	2798438.72
223	49	19	191	1536.1	293395.1
224	50	11	1955	454.32	888195.6
225	50	2	604	2712.4	1638289.6
226	50	40	217	4008.65	869877.05
227	51	8	1712	1884.57	3226383.84
228	51	1	1429	2153.23	3076965.67
229	51	21	1222	1424.45	1740677.9
230	51	9	459	252.7	115989.3
231	51	10	322	348.78	112307.16
232	51	35	638	2850.23	1818446.74
233	51	16	333	1435.53	478031.49
234	52	13	633	426.2	269784.6
235	52	16	644	1535.86	989093.84
236	52	18	1547	5363.95	8298030.65
237	53	35	1118	2285.1	2554741.8
238	53	8	744	2316.62	1723565.28
239	53	29	1833	2677.3	4907490.9
240	53	5	920	1409.27	1296528.4
241	54	33	1865	1106.91	2064387.15
242	54	13	1213	550.32	667538.16
243	55	20	887	1452.62	1288473.94
244	55	26	1277	3236.17	4132589.09
245	55	17	112	1280.12	143373.44
246	55	23	1197	1552.56	1858414.32
247	55	6	1610	1718.32	2766495.2
248	56	25	1289	1985.58	2559412.62
249	56	14	1815	2917.02	5294391.3
250	56	18	1251	5113.98	6397588.98
251	57	25	630	2420.71	1525047.3
252	57	4	841	2128.71	1790245.11
253	58	3	749	2639.27	1976813.23
254	58	14	1068	2651.18	2831460.24
255	59	39	358	5507.4	1971649.2
256	59	40	879	5036.32	4426925.28
257	59	10	345	228.6	78867.0
258	59	30	1524	2899.55	4418914.2
259	59	14	1572	2207.28	3469844.16
260	60	8	1113	2162.82	2407218.66
261	60	26	950	2745.34	2608073.0
262	60	13	798	561.73	448260.54
263	60	1	745	2083.95	1552542.75
264	61	4	1702	2182.46	3714546.92
265	61	28	345	3791.34	1308012.3
266	61	37	1330	1931.25	2568562.5
267	61	19	659	1538.19	1013667.21
268	62	30	629	3459.61	2176094.69
269	62	28	1393	4508.05	6279713.65
270	62	12	1816	408.16	741218.56
271	63	23	154	1648.91	253932.14
272	63	34	998	1959.23	1955311.54
273	63	24	1171	1455.84	1704788.64
274	64	30	294	2907.95	854937.3
275	64	37	672	2212.88	1487055.36
276	64	4	761	2015.28	1533628.08
277	64	14	1734	3036.35	5265030.9
278	64	38	1028	7521.04	7731629.12
279	64	40	1806	5170.23	9337435.38
280	64	12	910	429.74	391063.4
281	65	40	202	4909.84	991787.68
282	65	2	810	2346.38	1900567.8
283	65	18	1561	5825.51	9093621.11
284	65	33	1470	899.68	1322529.6
285	65	19	1656	1502.47	2488090.32
286	65	4	1339	2280.07	3053013.73
287	65	39	738	5647.27	4167685.26
288	66	10	807	317.43	256166.01
289	66	8	1408	2379.08	3349744.64
290	67	2	584	2803.4	1637185.6
291	67	29	646	2987.8	1930118.8
292	67	22	1609	1145.92	1843785.28
293	67	33	615	912.2	561003.0
294	67	15	1333	991.65	1321869.45
295	67	39	1222	5792.88	7078899.36
296	67	31	680	5294.72	3600409.6
297	68	18	680	4877.74	3316863.2
298	68	10	132	326.68	43121.76
299	69	36	1461	2624.11	3833824.71
300	69	38	1583	5659.75	8959384.25
301	69	7	1341	939.32	1259628.12
302	69	29	299	3055.72	913660.28
303	69	15	1025	961.45	985486.25
304	69	4	1244	2143.94	2667061.36
305	69	28	1522	4451.48	6775152.56
306	70	39	1719	6072.84	10439211.96
307	70	38	718	6168.42	4428925.56
308	71	16	1864	1805.66	3365750.24
309	71	23	1613	1345.76	2170710.88
310	71	21	550	1415.63	778596.5
311	72	18	1771	6170.73	10928362.83
312	72	39	899	5255.11	4724343.89
313	73	1	748	2369.13	1772109.24
314	73	5	462	1492.06	689331.72
315	73	35	1240	2581.0	3200440.0
316	74	36	1456	3200.4	4659782.4
317	74	20	523	1354.94	708633.62
318	75	38	1787	7745.0	13840315.0
319	75	22	1852	1678.2	3108026.4
320	76	1	1383	2466.24	3410809.92
321	76	9	1559	344.49	537059.91
322	76	13	1674	511.67	856535.58
323	77	15	774	964.52	746538.48
324	77	7	1893	862.11	1631974.23
325	77	35	1750	2432.46	4256805.0
326	77	34	1337	1553.12	2076521.44
327	77	24	235	2017.85	474194.75
328	77	32	1308	7035.05	9201845.4
329	78	36	456	3070.55	1400170.8
330	78	33	334	998.39	333462.26
331	78	23	781	1182.31	923384.11
332	78	34	236	1894.64	447135.04
333	78	39	139	4423.22	614827.58
334	78	9	1796	278.87	500850.52
335	79	25	628	1670.49	1049067.72
336	79	39	286	5777.43	1652344.98
337	79	16	1329	1352.13	1796980.77
338	79	5	451	1689.17	761815.67
339	79	24	1228	1843.45	2263756.6
340	80	40	1922	4181.86	8037534.92
341	80	5	1887	1906.76	3598056.12
342	80	34	1192	1520.87	1812877.04
343	80	19	1501	1348.24	2023708.24
344	80	10	1764	293.96	518545.44
345	81	24	907	2051.19	1860429.33
346	81	26	372	2927.54	1089044.88
347	81	21	491	1408.53	691588.23
348	81	37	1482	1745.66	2587068.12
349	81	17	1247	1825.67	2276610.49
350	82	30	1874	2251.08	4218523.92
351	82	21	1418	1118.98	1586713.64
352	82	24	966	1449.7	1400410.2
353	82	14	1274	2067.81	2634389.94
354	82	17	1744	1388.19	2421003.36
355	82	11	1891	365.24	690668.84
356	82	4	873	2625.1	2291712.3
357	83	15	533	864.66	460863.78
358	83	24	1022	1651.54	1687873.88
359	84	21	575	1050.42	603991.5
360	84	38	1158	7931.25	9184387.5
361	84	5	306	1754.63	536916.78
362	84	39	464	6290.84	2918949.76
363	84	4	1918	2430.81	4662293.58
364	84	40	1959	5692.58	11151764.22
365	85	39	954	5607.84	5349879.36
366	85	1	1650	2237.84	3692436.0
367	85	26	1355	2791.51	3782496.05
368	85	9	1241	231.8	287663.8
369	85	12	1038	402.7	418002.6
370	86	3	875	2076.84	1817235.0
371	86	16	196	1569.54	307629.84
372	86	27	1785	3092.85	5520737.25
373	86	26	978	2588.2	2531259.6
374	87	40	1585	3838.43	6083911.55
375	87	39	1958	6113.98	11971172.84
376	87	33	793	1066.52	845750.36
377	88	2	1558	2505.0	3902790.0
378	88	32	155	7194.03	1115074.65
379	88	33	178	844.21	150269.38
380	88	39	580	5387.84	3124947.2
381	89	16	2000	1908.54	3817080.0
382	89	27	592	4235.22	2507250.24
383	90	16	272	1479.24	402353.28
384	90	21	1833	1100.05	2016391.65
385	90	12	338	354.78	119915.64
386	90	27	239	3224.82	770731.98
387	90	9	1079	311.88	336518.52
388	90	1	1642	2870.84	4713919.28
389	91	35	608	2588.47	1573789.76
390	91	15	1445	973.5	1406707.5
391	91	20	659	1326.21	873972.39
392	92	3	869	2446.38	2125904.22
393	92	9	811	331.37	268741.07
394	92	17	1796	1783.04	3202339.84
395	92	4	1563	2409.93	3766720.59
396	93	34	1218	2066.75	2517301.5
397	93	20	512	1358.61	695608.32
398	93	30	1785	2742.9	4896076.5
399	93	40	1716	5777.06	9913434.96
400	93	21	622	1287.93	801092.46
401	93	11	111	367.13	40751.43
402	93	16	893	1689.37	1508607.41
403	94	28	903	4469.64	4036084.92
404	94	22	132	1208.31	159496.92
405	94	13	1392	574.47	799662.24
406	94	29	1083	3113.61	3372039.63
407	94	5	594	1569.91	932526.54
408	94	1	532	2245.56	1194637.92
409	95	32	1723	8229.06	14178670.38
410	95	31	1042	6134.58	6392232.36
411	95	2	1841	2366.62	4356947.42
412	95	5	1231	1574.08	1937692.48
413	95	20	531	1361.47	722940.57
414	96	37	1666	2173.52	3621084.32
415	96	4	1182	2460.84	2908712.88
416	97	37	1646	1945.82	3202819.72
417	97	33	1140	998.54	1138335.6
418	97	24	670	1833.31	1228317.7
419	97	7	1990	735.1	1462849.0
420	97	29	1618	3033.29	4907863.22
421	97	8	885	2198.69	1945840.65
422	97	27	1089	4461.88	4858987.32
423	98	23	1199	1633.47	1958530.53
424	98	22	446	1426.97	636428.62
425	98	33	1815	1131.75	2054126.25
426	98	35	312	2378.84	742198.08
427	98	12	981	485.16	475941.96
428	99	20	883	1198.81	1058549.23
429	99	18	582	4761.22	2771030.04
430	100	27	887	3321.96	2946578.52
431	100	17	1785	1263.91	2256079.35
432	100	9	699	271.83	190009.17
433	101	32	1914	6513.05	12465977.7
434	101	1	722	2104.64	1519550.08
435	101	13	262	466.52	122228.24
436	102	34	799	1967.71	1572200.29
437	102	23	1994	1660.41	3310857.54
438	102	31	880	6269.45	5517116.0
439	102	22	600	1214.41	728646.0
440	102	21	1056	1075.55	1135780.8
441	103	31	293	6013.41	1761929.13
442	103	7	1704	738.18	1257858.72
443	103	33	434	827.1	358961.4
444	103	39	1636	6215.51	10168574.36
445	103	17	1643	1708.3	2806736.9
446	103	13	1277	509.37	650465.49
447	104	33	1520	832.17	1264898.4
448	104	17	786	1334.1	1048602.6
449	104	40	1525	3905.17	5955384.25
450	104	34	1739	1663.9	2893522.1
451	104	22	1351	1684.74	2276083.74
452	105	22	605	1699.42	1028149.1
453	105	18	1405	6452.24	9065397.2
454	106	18	1675	6285.82	10528748.5
455	106	21	1487	1042.23	1549796.01
456	107	24	260	1491.15	387699.0
457	107	33	368	1254.21	461549.28
458	107	31	739	4939.9	3650586.1
459	107	26	1972	2865.56	5650884.32
460	107	40	1576	5256.74	8284622.24
461	107	1	730	2635.92	1924221.6
462	107	4	1217	2168.29	2638808.93
463	108	9	868	328.48	285120.64
464	108	12	1321	450.92	595665.32
465	108	2	651	2509.89	1633938.39
466	108	20	672	1293.9	869500.8
467	108	40	1899	4996.52	9488391.48
468	108	3	834	2114.6	1763576.4
469	109	28	694	3276.95	2274203.3
470	109	24	1236	2212.67	2734860.12
471	109	19	709	1248.65	885292.85
472	109	34	1775	1621.09	2877434.75
473	109	26	1505	2966.36	4464371.8
474	109	17	688	1473.95	1014077.6
475	109	21	1671	1035.74	1730721.54
476	110	40	1601	5790.08	9269918.08
477	110	39	862	5490.21	4732561.02
478	110	9	1071	232.08	248557.68
479	110	28	976	4248.69	4146721.44
480	110	1	428	2736.13	1171063.64
481	111	28	475	4657.09	2212117.75
482	111	9	734	266.61	195691.74
483	111	22	1649	1711.36	2822032.64
484	111	29	1384	2235.11	3093392.24
485	112	35	1406	3301.94	4642527.64
486	112	13	485	469.4	227659.0
487	112	31	624	6619.81	4130761.44
488	113	36	750	3359.78	2519835.0
489	113	39	1752	6253.98	10956972.96
490	113	33	1664	1034.37	1721191.68
491	113	35	1445	2309.37	3337039.65
492	114	28	422	3124.7	1318623.4
493	114	17	1581	1910.5	3020500.5
494	114	36	1068	2767.85	2956063.8
495	114	14	366	2066.28	756258.48
496	114	1	985	2298.6	2264121.0
497	115	32	628	6950.6	4364976.8
498	115	19	1637	1253.59	2052126.83
499	115	26	581	2973.0	1727313.0
500	115	14	1969	2474.77	4872822.13
501	116	15	814	927.31	754830.34
502	116	35	992	2763.36	2741253.12
503	116	32	1890	7386.14	13959804.6
504	117	12	575	463.63	266587.25
505	117	16	1403	1390.66	1951095.98
506	118	32	341	6389.75	2178904.75
507	118	39	487	6331.42	3083401.54
508	118	8	1995	2029.98	4049810.1
509	118	28	1173	3937.86	4619109.78
510	118	15	1406	1172.44	1648450.64
511	119	39	346	6486.76	2244418.96
512	119	16	1285	1434.57	1843422.45
513	119	19	976	1153.65	1125962.4
514	119	22	1515	1231.51	1865737.65
515	119	23	1896	1423.21	2698406.16
516	119	25	1580	2071.9	3273602.0
517	119	14	703	2750.76	1933784.28
518	120	29	1466	2976.6	4363695.6
519	120	38	657	7102.83	4666559.31
520	121	33	702	824.19	578581.38
521	121	4	544	2474.99	1346394.56
522	121	1	1431	2335.31	3341828.61
523	122	22	1099	1436.85	1579098.15
524	122	13	1083	562.46	609144.18
525	123	6	212	1313.74	278512.88
526	123	13	384	617.93	237285.12
527	123	1	1405	2016.15	2832690.75
528	123	14	1122	2351.57	2638461.54
529	123	28	159	4454.19	708216.21
530	123	22	252	1550.06	390615.12
531	123	19	1242	1738.33	2159005.86
532	124	30	1551	3191.33	4949752.83
533	124	25	1460	2363.79	3451133.4
534	125	34	399	1584.17	632083.83
535	125	33	1683	811.48	1365720.84
536	125	30	1569	2865.91	4496612.79
537	125	29	699	2956.97	2066922.03
538	126	32	1247	6575.52	8199673.44
539	126	27	913	4517.6	4124568.8
540	126	1	1661	2164.97	3596015.17
541	126	15	1527	1256.8	1919133.6
542	127	7	579	912.83	528528.57
543	127	35	1067	2554.63	2725790.21
544	127	37	1293	1638.43	2118489.99
545	127	18	148	5396.12	798625.76
546	128	1	1144	2396.77	2741904.88
547	128	13	1732	616.62	1067985.84
548	128	25	1923	1937.83	3726447.09
549	128	16	1125	1322.6	1487925.0
550	128	11	1871	550.48	1029948.08
551	128	10	770	255.07	196403.9
552	128	31	819	5817.38	4764434.22
553	129	12	959	315.29	302363.11
554	129	2	671	2720.61	1825529.31
555	129	37	623	2319.45	1445017.35
556	129	19	256	1324.7	339123.2
557	129	40	1294	3842.51	4972207.94
558	130	37	236	2439.89	575814.04
559	130	36	621	2178.06	1352575.26
560	130	29	196	2786.35	546124.6
561	130	27	1664	3394.79	5648930.56
562	130	30	849	2457.87	2086731.63
563	131	30	1433	2418.25	3465352.25
564	131	20	544	1390.82	756606.08
565	131	9	1630	319.7	521111.0
566	131	29	1621	2863.23	4641295.83
567	132	21	492	1034.9	509170.8
568	132	25	1465	1990.21	2915657.65
569	132	14	700	2918.32	2042824.0
570	132	9	621	322.77	200440.17
571	132	24	596	1549.77	923662.92
572	133	19	764	1638.18	1251569.52
573	133	7	971	914.35	887833.85
574	133	10	462	242.04	111822.48
575	133	18	1776	5104.77	9066071.52
576	133	28	1587	4541.09	7206709.83
577	133	12	1228	418.39	513782.92
578	134	6	1738	1443.64	2509046.32
579	134	11	1225	434.52	532287.0
580	134	5	565	1582.4	894056.0
581	134	35	1889	3140.69	5932763.41
582	134	19	1840	1224.8	2253632.0
583	134	13	1760	439.86	774153.6
584	134	23	1915	1476.8	2828072.0
585	135	8	731	2247.88	1643200.28
586	135	12	1733	357.19	619010.27
587	135	3	512	2507.5	1283840.0
588	135	33	1424	1176.97	1676005.28
589	136	1	1068	2709.81	2894077.08
590	136	27	1974	4249.3	8388118.2
591	136	26	141	3077.69	433954.29
592	136	38	1989	6821.47	13567903.83
593	136	17	914	1600.9	1463222.6
594	136	4	833	2372.18	1976025.94
595	137	10	1341	246.23	330194.43
596	137	34	1145	1664.67	1906047.15
597	137	20	683	1333.41	910719.03
598	137	37	1456	2235.46	3254829.76
599	137	7	1278	748.3	956327.4
600	137	12	1136	333.88	379287.68
601	138	12	1104	323.9	357585.6
602	138	27	1170	3969.76	4644619.2
603	139	4	481	2795.64	1344702.84
604	139	16	672	1622.04	1090010.88
605	140	40	1058	4709.07	4982196.06
606	140	38	1291	6295.71	8127761.61
607	140	27	361	3686.44	1330804.84
608	140	10	1498	308.37	461938.26
609	140	33	1164	1180.36	1373939.04
610	140	5	839	1523.5	1278216.5
611	141	35	332	2694.84	894686.88
612	141	36	1123	3083.19	3462422.37
613	141	27	1213	4112.47	4988426.11
614	141	25	293	1653.98	484616.14
615	141	13	1375	577.93	794653.75
616	141	40	1724	5631.34	9708430.16
617	141	17	239	1527.96	365182.44
618	142	31	1869	5064.77	9466055.13
619	142	19	1829	1375.89	2516502.81
620	142	22	970	1363.26	1322362.2
621	143	35	956	2949.86	2820066.16
622	143	25	1472	1609.81	2369640.32
623	144	33	1253	1170.65	1466824.45
624	144	14	1740	2674.06	4652864.4
625	144	18	1260	4434.54	5587520.4
626	144	16	1015	1505.99	1528579.85
627	144	39	608	6315.61	3839890.88
628	145	29	577	2870.25	1656134.25
629	145	38	1591	6128.44	9750348.04
630	145	11	1289	536.27	691252.03
631	146	27	735	4067.22	2989406.7
632	146	8	1709	1732.97	2961645.73
633	146	10	1371	305.1	418292.1
634	146	7	1647	984.68	1621767.96
635	146	18	1468	5396.37	7921871.16
636	147	18	549	4831.68	2652592.32
637	147	32	454	7071.31	3210374.74
638	147	12	631	319.74	201755.94
639	147	14	459	2793.06	1282014.54
640	147	28	569	3958.86	2252591.34
641	147	11	130	501.12	65145.6
642	147	30	1820	2770.44	5042200.8
643	148	33	1861	1202.17	2237238.37
644	148	26	1272	2752.17	3500760.24
645	148	29	283	2513.57	711340.31
646	148	1	1662	2709.7	4503521.4
647	149	26	1038	2881.2	2990685.6
648	149	27	1988	4417.08	8781155.04
649	149	25	702	1666.53	1169904.06
650	149	40	678	5284.37	3582802.86
651	149	38	570	7735.54	4409257.8
652	150	3	1228	2643.26	3245923.28
653	150	13	770	599.34	461491.8
654	150	12	869	377.45	328004.05
655	150	5	1557	1472.29	2292355.53
656	150	28	1948	3763.62	7331531.76
657	150	35	180	3131.2	563616.0
658	151	11	1346	384.76	517886.96
659	151	14	950	2757.5	2619625.0
660	151	2	1951	2823.59	5508824.09
661	151	10	1877	319.28	599288.56
662	151	26	1989	3024.37	6015471.93
663	151	35	1129	2964.28	3346672.12
664	151	30	395	3222.33	1272820.35
665	152	17	1405	1838.29	2582797.45
666	152	1	1209	2355.8	2848162.2
667	152	38	146	6838.74	998456.04
668	152	14	1283	2481.93	3184316.19
669	152	12	125	472.01	59001.25
670	153	25	835	2374.62	1982807.7
671	153	33	1483	835.02	1238334.66
672	153	11	1784	416.68	743357.12
673	153	34	838	1849.95	1550258.1
674	154	4	630	2060.2	1297926.0
675	154	22	447	1151.45	514698.15
676	154	12	303	466.57	141370.71
677	154	1	1755	2356.54	4135727.7
678	154	33	813	1059.03	860991.39
679	154	13	661	480.59	317669.99
680	154	23	759	1392.46	1056877.14
681	155	36	833	2879.81	2398881.73
682	155	21	853	1188.59	1013867.27
683	155	6	1473	1319.77	1944021.21
684	156	22	1176	1648.17	1938247.92
685	156	29	702	3062.98	2150211.96
686	156	31	1729	6284.9	10866592.1
687	156	39	1802	5933.71	10692545.42
688	156	6	1923	1654.09	3180815.07
689	156	14	638	2411.83	1538747.54
690	157	25	679	2344.89	1592180.31
691	157	9	923	233.84	215834.32
692	157	7	1506	939.31	1414600.86
693	157	40	780	4746.75	3702465.0
694	157	1	1833	2213.01	4056447.33
695	158	22	1041	1531.69	1594489.29
696	158	29	1942	3057.8	5938247.6
697	158	4	1417	2057.32	2915222.44
698	158	16	583	1823.81	1063281.23
699	158	34	112	1521.36	170392.32
700	158	27	1296	4616.13	5982504.48
701	158	18	1651	6020.6	9940010.6
702	159	40	564	5937.03	3348484.92
703	159	25	1697	1931.98	3278570.06
704	159	27	175	4707.13	823747.75
705	159	10	748	318.37	238140.76
706	159	29	1258	2423.43	3048674.94
707	159	28	1918	3859.31	7402156.58
708	159	19	1187	1313.81	1559492.47
709	160	5	224	1873.34	419628.16
710	160	24	575	1947.04	1119548.0
711	161	9	1246	280.94	350051.24
712	161	15	1496	1014.03	1516988.88
713	161	24	1805	2184.19	3942462.95
714	162	32	1334	7562.44	10088294.96
715	162	6	1649	1564.52	2579893.48
716	162	30	711	2345.28	1667494.08
717	163	12	1866	408.56	762372.96
718	163	33	365	1086.82	396689.3
719	163	37	259	1751.86	453731.74
720	163	25	569	1842.62	1048450.78
721	163	6	705	1354.16	954682.8
722	164	36	260	3213.67	835554.2
723	164	25	1924	2418.85	4653867.4
724	164	15	696	1015.36	706690.56
725	164	5	899	1787.34	1606818.66
726	164	27	1937	3387.13	6560870.81
727	165	6	1959	1312.79	2571755.61
728	165	32	695	8302.29	5770091.55
729	165	29	215	2705.52	581686.8
730	166	17	970	1783.2	1729704.0
731	166	27	213	3929.04	836885.52
732	166	3	1186	2229.96	2644732.56
733	166	34	1093	1593.41	1741597.13
734	167	31	619	6218.44	3849214.36
735	167	3	122	2158.44	263329.68
736	167	21	1301	1178.33	1533007.33
737	167	5	1659	1709.47	2836010.73
738	168	13	1052	534.42	562209.84
739	168	32	268	7719.06	2068708.08
740	168	34	957	1648.55	1577662.35
741	168	27	1100	3276.95	3604645.0
742	168	38	1344	8325.27	11189162.88
743	169	20	570	1334.68	760767.6
744	169	28	1901	4302.55	8179147.55
745	169	26	1699	3447.52	5857336.48
746	169	33	114	1207.44	137648.16
747	169	21	1473	1039.41	1531050.93
748	169	10	634	240.13	152242.42
749	170	34	651	2133.01	1388589.51
750	170	26	167	2855.4	476851.8
751	170	4	1008	2355.25	2374092.0
752	171	17	1681	1908.61	3208373.41
753	171	38	1913	6913.81	13226118.53
754	171	9	167	275.38	45988.46
755	171	12	580	409.23	237353.4
756	172	37	858	2046.41	1755819.78
757	172	12	1924	451.71	869090.04
758	173	26	1675	3036.95	5086891.25
759	173	18	1109	4748.0	5265532.0
760	173	25	1556	2322.42	3613685.52
761	173	5	763	1432.75	1093188.25
762	173	32	1849	7564.06	13985946.94
763	174	38	1614	6880.42	11104997.88
764	174	40	1928	4857.65	9365549.2
765	174	22	262	1309.03	342965.86
766	175	21	459	1137.56	522140.04
767	175	4	205	1959.8	401759.0
768	176	25	441	2314.05	1020496.05
769	176	31	1204	6402.67	7708814.68
770	176	6	284	1913.13	543328.92
771	176	40	1330	5844.81	7773597.3
772	176	8	1387	1759.75	2440773.25
773	176	19	1347	1325.98	1786095.06
774	177	40	1268	4495.7	5700547.6
775	177	36	447	2881.46	1288012.62
776	177	4	1555	2640.13	4105402.15
777	177	10	1617	333.77	539706.09
778	178	23	1406	1507.56	2119629.36
779	178	26	138	2522.15	348056.7
780	178	21	1219	1074.13	1309364.47
781	178	34	804	1819.43	1462821.72
782	179	13	1648	527.24	868891.52
783	179	3	966	2848.79	2751931.14
784	179	1	1068	1958.1	2091250.8
785	179	20	206	1195.13	246196.78
786	179	37	1425	1686.34	2403034.5
787	179	19	1150	1484.39	1707048.5
788	180	17	1503	1797.77	2702048.31
789	180	7	284	1032.49	293227.16
790	180	35	1994	3065.59	6112786.46
791	181	6	962	1697.62	1633110.44
792	181	19	1923	1396.38	2685238.74
793	181	11	177	513.41	90873.57
794	181	8	1067	2177.02	2322880.34
795	181	13	1252	577.04	722454.08
796	181	22	349	1569.25	547668.25
797	182	12	972	473.21	459960.12
798	182	9	596	240.66	143433.36
799	182	27	574	4651.57	2670001.18
800	183	4	1057	2360.24	2494773.68
801	183	36	708	2353.28	1666122.24
802	183	33	1905	926.58	1765134.9
803	183	18	1912	5361.86	10251876.32
804	184	37	252	1760.95	443759.4
805	184	21	1099	1198.34	1316975.66
806	184	8	1372	1755.2	2408134.4
807	184	29	1616	2916.98	4713839.68
808	185	19	1948	1210.43	2357917.64
809	185	25	776	1820.87	1412995.12
810	186	37	106	2144.41	227307.46
811	186	40	640	5557.58	3556851.2
812	186	9	514	318.64	163780.96
813	187	33	1725	981.33	1692794.25
814	187	21	1073	1407.05	1509764.65
815	187	12	1812	430.02	779196.24
816	187	18	1492	5741.41	8566183.72
817	187	38	1407	6914.31	9728434.17
818	188	18	640	5556.94	3556441.6
819	188	2	1234	2618.13	3230772.42
820	188	16	1811	1295.45	2346059.95
821	188	31	1672	4471.41	7476197.52
822	188	15	1458	955.75	1393483.5
823	188	23	385	1168.97	450053.45
824	188	38	351	5744.35	2016266.85
825	189	28	1282	4157.56	5329991.92
826	189	15	1452	1056.37	1533849.24
827	189	9	1618	245.44	397121.92
828	189	13	806	616.01	496504.06
829	189	22	674	1593.7	1074153.8
830	189	12	1135	442.37	502089.95
831	190	5	803	1464.27	1175808.81
832	190	20	1658	1649.23	2734423.34
833	190	9	1587	333.71	529597.77
834	190	34	1870	1998.35	3736914.5
835	190	38	1296	6440.16	8346447.36
836	190	22	244	1602.07	390905.08
837	190	2	1881	2656.56	4996989.36
838	191	39	1131	5357.25	6059049.75
839	191	19	195	1718.05	335019.75
840	191	13	1454	431.12	626848.48
841	192	15	1984	1039.75	2062864.0
842	192	3	1395	2925.68	4081323.6
843	192	18	1360	5252.75	7143740.0
844	192	2	123	2291.17	281813.91
845	193	37	1560	2033.9	3172884.0
846	193	32	552	8694.37	4799292.24
847	193	26	113	3274.2	369984.6
848	193	27	1869	3501.62	6544527.78
849	193	23	396	1539.83	609772.68
850	194	38	404	6549.07	2645824.28
851	194	4	231	2045.15	472429.65
852	194	9	600	305.4	183240.0
853	194	29	642	2161.64	1387772.88
854	194	3	368	2566.42	944442.56
855	194	33	1434	1181.7	1694557.8
856	194	31	1896	6532.22	12385089.12
857	195	21	464	1101.48	511086.72
858	195	6	741	1627.23	1205777.43
859	196	29	1209	2275.78	2751418.02
860	196	20	1737	1222.24	2123030.88
861	197	6	1051	1419.25	1491631.75
862	197	17	1167	1438.03	1678181.01
863	197	20	1895	1345.09	2548945.55
864	197	2	1863	2012.89	3750014.07
865	197	19	1799	1688.11	3036909.89
866	198	32	1709	7272.0	12427848.0
867	198	29	1138	3025.62	3443155.56
868	198	36	1736	2947.21	5116356.56
869	198	28	1480	4484.51	6637074.8
870	198	7	112	968.1	108427.2
871	198	2	1653	2581.76	4267649.28
872	199	6	1625	1790.84	2910115.0
873	199	35	1888	3253.22	6142079.36
874	199	37	1434	2193.74	3145823.16
875	199	22	1241	1674.72	2078327.52
876	199	34	543	1627.96	883982.28
877	200	6	1014	1811.68	1837043.52
878	200	8	312	1620.47	505586.64
879	200	9	1649	339.96	560594.04
880	200	30	384	3313.44	1272360.96
881	200	31	695	4422.12	3073373.4
882	201	29	684	2559.82	1750916.88
883	201	40	129	4323.84	557775.36
884	201	18	1770	6008.84	10635646.8
885	201	28	349	3327.28	1161220.72
886	202	40	783	4983.21	3901853.43
887	202	12	1643	445.92	732646.56
888	202	33	444	979.19	434760.36
889	202	19	1588	1544.34	2452411.92
890	202	6	255	1382.46	352527.3
891	202	34	857	2125.1	1821210.7
892	202	18	1909	5468.4	10439175.6
893	203	35	1983	2415.25	4789440.75
894	203	31	898	6614.06	5939425.88
895	203	24	371	1652.35	613021.85
896	204	15	1449	857.32	1242256.68
897	204	19	1326	1442.81	1913166.06
898	204	34	237	2018.95	478491.15
899	204	26	276	3004.78	829319.28
900	205	32	1567	7063.59	11068645.53
901	205	16	572	1891.88	1082155.36
902	205	15	503	1241.17	624308.51
903	205	35	1089	3162.72	3444202.08
904	205	3	1979	2807.23	5555508.17
905	205	24	1521	1756.11	2671043.31
906	205	21	833	1029.15	857281.95
907	206	15	1317	1063.33	1400405.61
908	206	25	293	1576.46	461902.78
909	207	4	982	2005.56	1969459.92
910	207	40	1393	4507.07	6278348.51
911	207	17	135	1686.67	227700.45
912	207	32	1899	7699.69	14621711.31
913	207	19	1561	1130.41	1764570.01
914	207	39	1225	5625.56	6891311.0
915	207	6	991	1698.71	1683421.61
916	208	34	1894	1980.05	3750214.7
917	208	19	787	1349.23	1061844.01
918	209	27	1625	3615.81	5875691.25
919	209	35	1338	2834.85	3793029.3
920	209	33	208	1150.01	239202.08
921	209	15	1828	1041.93	1904648.04
922	209	7	1048	767.41	804245.68
923	209	38	656	7648.67	5017527.52
924	209	16	859	1280.56	1100001.04
925	210	11	1618	376.73	609549.14
926	210	29	1655	2626.76	4347287.8
927	210	4	315	2688.45	846861.75
928	210	5	1980	1713.98	3393680.4
929	210	30	1720	2551.0	4387720.0
930	210	6	1061	1591.85	1688952.85
931	211	25	417	2060.89	859391.13
932	211	23	1625	1166.75	1895968.75
933	211	28	1899	3961.56	7523002.44
934	211	29	621	3089.17	1918374.57
935	212	36	372	2861.69	1064548.68
936	212	9	517	259.5	134161.5
937	212	28	1925	3299.56	6351653.0
938	212	38	1186	6681.85	7924674.1
939	212	24	729	1978.74	1442501.46
940	213	19	675	1470.68	992709.0
941	213	4	851	2745.34	2336284.34
942	213	11	370	516.22	191001.4
943	213	15	939	1228.82	1153861.98
944	214	36	962	2327.55	2239103.1
945	214	11	1429	550.61	786821.69
946	214	34	377	1812.25	683218.25
947	214	18	739	4451.22	3289451.58
948	214	19	901	1245.75	1122420.75
949	215	29	1181	2163.5	2555093.5
950	215	12	739	375.71	277649.69
951	215	32	448	8578.9	3843347.2
952	216	30	1126	2950.88	3322690.88
953	216	26	1152	2573.12	2964234.24
954	216	2	1619	2374.34	3844056.46
955	216	17	1999	1915.15	3828384.85
956	216	24	1467	1920.45	2817300.15
957	216	4	220	2344.25	515735.0
958	217	30	876	2336.4	2046686.4
959	217	12	459	368.1	168957.9
960	217	33	156	1019.78	159085.68
961	217	24	317	1647.07	522121.19
962	217	16	1536	1655.91	2543477.76
963	217	20	725	1500.64	1087964.0
964	218	14	499	2860.05	1427164.95
965	218	39	399	6200.77	2474107.23
966	218	40	1967	5138.68	10107783.56
967	218	1	720	2914.75	2098620.0
968	218	27	1070	3815.47	4082552.9
969	219	33	1779	1229.72	2187671.88
970	219	40	699	5883.25	4112391.75
971	219	11	379	489.65	185577.35
972	219	28	1921	3301.13	6341470.73
973	219	3	1244	2649.32	3295754.08
974	220	21	1595	1503.45	2398002.75
975	220	36	1191	3330.71	3966875.61
976	220	6	264	1706.71	450571.44
977	220	9	1817	278.9	506761.3
978	220	5	1896	1888.75	3581070.0
979	221	12	5665	3500	19827500
980	221	21	2334	3455	8063970
981	222	19	4500	2500	11250000
982	222	19	4500	3000	13500000
\.


--
-- Data for Name: detalle_venta; Type: TABLE DATA; Schema: public; Owner: david
--

COPY public.detalle_venta (id_detalle_venta, id_venta, id_prod, unidades, precio_historico, subtotal) FROM stdin;
1	1	35	394	4423.08	1742694.87
2	1	36	192	4432.05	850952.94
3	1	13	398	869.13	345915.4
4	1	31	210	9473.9	1989518.58
5	2	11	183	800	146400
6	2	4	32	4200	134400
7	2	28	269	6800	1829200
8	2	15	382	1800	687600
9	3	18	307	9500	2916500
10	3	11	130	800	104000
11	3	14	238	4500	1071000
12	4	16	149	2719.86	405259.11
13	4	2	65	4102.69	266674.93
14	4	11	245	786.93	192797.84
15	4	4	574	4085.93	2345323.19
16	5	17	376	2661.56	1000747.56
17	5	26	330	4772.76	1575011.32
18	5	13	95	847.17	80481.58
19	6	32	117	11305.08	1322694.82
20	6	3	304	4111.37	1249856.08
21	6	11	128	726.36	92973.51
22	6	12	527	687.5	362311.38
23	6	21	546	2064.61	1127279.66
24	6	30	120	4666.48	559977.83
25	7	3	196	4043.92	792608.12
26	8	26	178	5200	925600
27	9	1	331	3708.98	1227673.58
28	9	12	145	640.29	92842.1
29	9	38	231	10383.71	2398636.55
30	9	31	453	8589.7	3891134.5
31	10	33	401	1800	721800
32	10	3	135	4200	567000
33	10	20	662	2500	1655000
34	10	29	820	4500	3690000
35	11	9	333	472.05	157193.99
36	11	30	260	4502.73	1170710.15
37	12	2	144	3574.08	514666.88
38	12	3	108	3634.59	392535.91
39	13	8	46	3350.11	154105.04
40	14	16	604	2681.01	1619332.21
41	14	4	566	4141.81	2344263.02
42	14	38	257	10836.04	2784861.51
43	14	7	187	1440.06	269291.87
44	15	16	152	2800	425600
45	15	35	434	4800	2083200
46	15	11	359	800	287200
47	15	13	488	900	439200
48	16	33	281	1800	505800
49	16	5	304	2800	851200
50	16	17	147	2800	411600
51	16	19	36	2500	90000
52	16	21	421	2200	926200
53	16	26	475	5200	2470000
54	16	31	93	9800	911400
55	17	33	139	1715.14	238404.44
56	17	34	540	3093.25	1670357.03
57	17	35	212	4694.95	995328.55
58	17	2	388	3834.43	1487760.08
59	17	5	856	2600.25	2225813.53
60	17	36	340	4507.3	1532482.46
61	17	18	242	8889.11	2151163.78
62	17	19	352	2313.64	814399.68
63	17	23	358	2470.8	884546.65
64	18	17	391	2800	1094800
65	18	26	373	5200	1939600
66	18	3	219	4200	919800
67	18	13	461	900	414900
68	19	18	112	8748.52	979834.62
69	19	6	164	2730.66	447828.26
70	19	14	114	4321.36	492635.16
71	20	1	299	4103.42	1226922.69
72	20	2	123	3913.74	481390.62
73	20	37	442	3392.68	1499562.92
74	20	30	162	4732.47	766659.56
75	21	17	309	2800	865200
76	21	2	173	4200	726600
77	21	12	309	700	216300
78	21	7	382	1500	573000
79	22	17	51	2800	142800
80	23	1	83	4098.06	340139.31
81	23	5	284	2547.67	723537.78
82	23	16	317	2537.32	804331.33
83	23	17	543	2603.51	1413704.53
84	23	31	414	9238.34	3824672.8
85	24	2	387	3966.56	1535060.37
86	24	4	719	3998.18	2874694.67
87	24	36	699	4717.92	3297827.84
88	24	11	387	737.39	285368.09
89	24	14	593	4211.73	2497553.95
90	24	24	739	3015.86	2228719.76
91	25	16	584	2800	1635200
92	25	1	136	4200	571200
93	25	11	357	800	285600
94	25	4	571	4200	2398200
95	26	37	275	3336.94	917658.55
96	26	11	358	787.23	281827.3
97	26	16	454	2629.52	1193801.91
98	26	17	614	2645.08	1624078.75
99	26	20	185	2354.35	435554.01
100	26	30	179	4898.05	876750.51
101	27	32	358	12500	4475000
102	27	12	1091	700	763700
103	27	4	311	4200	1306200
104	27	39	171	9500	1624500
105	28	34	48	3004.3	144206.34
106	28	3	317	3962.26	1256036.05
107	28	4	219	3964.22	868163.68
108	29	34	607	2970.71	1803222.41
109	29	9	323	469.75	151729.02
110	29	18	303	8868.23	2687073.04
111	29	19	449	2442.39	1096631.93
112	29	30	473	4900.99	2318167.89
113	30	9	179	474.26	84892.41
114	30	18	217	8564.68	1858536.4
115	30	12	208	667.18	138774.48
116	30	21	41	2089.36	85663.73
117	31	32	665	12213.18	8121764.97
118	31	2	159	3963.85	630251.8
119	31	3	176	3780.97	665450.01
120	31	36	214	4521.3	967557.84
121	31	5	379	2712.4	1027999.88
122	31	10	566	487.53	275940.86
123	32	1	433	4097.05	1774024.25
124	32	3	176	3963.93	697650.98
125	32	14	118	4243.53	500736.77
126	32	15	80	1659.99	132799.27
127	32	18	241	8766.48	2112722.49
128	33	16	201	2543.12	511166.27
129	33	18	806	8766.77	7066019.16
130	33	4	207	4014.76	831056.27
131	33	7	666	1379.22	918558.24
132	34	4	860	3959.96	3405566.58
133	34	6	517	2601.64	1345048.8
134	34	9	951	493.45	469269.28
135	34	19	587	2414.1	1417078.01
136	34	20	587	2353.57	1381543.45
137	34	23	573	2447.01	1402134.31
138	34	26	1049	4728.34	4960030.03
139	35	16	368	2420.39	890703.73
140	35	11	250	691.91	172978.08
141	35	21	335	2022.21	677439.03
142	36	1	252	3794.86	956305.4
143	36	4	136	3974.83	540577.46
144	36	17	195	2567.44	500650.04
145	36	19	437	2288.62	1000126.06
146	36	24	467	3159.17	1475330.87
147	36	26	209	4738.74	990395.74
148	37	16	397	2687.2	1066818.82
149	37	33	117	1664.59	194756.72
150	37	23	524	2324.28	1217920.66
151	38	10	55	453.06	24918.44
152	39	4	548	4082.68	2237308.1
153	39	5	95	2684.67	255043.74
154	39	6	378	2618.18	989671.68
155	39	7	415	1416.61	587893.96
156	39	18	239	8664.67	2070855.7
157	39	26	207	4686.31	970065.18
158	40	16	300	2748.5	824549.1
159	40	2	97	3902.31	378524.01
160	40	3	412	4098.96	1688771.98
161	40	20	87	2396.05	208456.08
162	41	1	250	4200	1050000
163	41	36	63	4800	302400
164	41	37	108	3500	378000
165	41	12	98	700	68600
166	41	17	510	2800	1428000
167	41	19	712	2500	1780000
168	42	34	179	3012.02	539150.86
169	42	7	316	1366.06	431676.13
170	42	9	427	457.17	195210.6
171	42	13	274	870.57	238535.06
172	42	27	533	6288.2	3351608.06
173	43	24	323	3120.4	1007888.95
174	43	28	591	6543.76	3867363.71
175	43	4	345	4063.98	1402071.86
176	43	6	86	2611.45	224584.45
177	44	2	717	3718.8	2666377.6
178	44	36	425	4320.45	1836190.18
179	44	7	133	1380.98	183670.22
180	44	16	119	2593.73	308653.59
181	44	17	162	2648.79	429103.77
182	44	20	239	2297.72	549154.27
183	44	26	459	4877.55	2238797.0
184	44	31	229	8726.7	1998415.38
185	45	7	1167	1500	1750500
186	45	16	703	2800	1968400
187	45	17	567	2800	1587600
188	45	20	535	2500	1337500
189	45	26	407	5200	2116400
190	45	28	127	6800	863600
191	45	31	999	9800	9790200
192	46	2	533	3787.09	2018517.84
193	46	3	372	3900.8	1451096.52
194	46	36	477	4460.68	2127744.63
195	46	4	136	4122.37	560642.27
196	46	11	477	771.56	368035.58
197	46	17	142	2580.53	366435.37
198	46	22	111	2312.47	256684.55
199	46	27	173	6617.25	1144784.56
200	47	1	823	3817.21	3141564.31
201	47	2	633	3920.83	2481887.68
202	47	37	818	3338.08	2730548.07
203	47	8	92	3347.71	307989.14
204	47	10	628	450.9	283162.96
205	47	16	656	2590.76	1699537.03
206	47	17	167	2534.42	423247.92
207	47	26	616	4894.83	3015215.97
208	48	2	169	3885.65	656674.22
209	48	3	241	4156.14	1001629.81
210	48	4	42	4106.18	172459.5
211	49	33	345	1681.98	580282.89
212	49	18	421	9054.69	3812023.93
213	49	10	478	474.81	226961.26
214	49	23	160	2388.87	382219.56
215	50	2	233	4200	978600
216	50	28	185	6800	1258000
217	50	7	122	1500	183000
218	51	15	285	1800	513000
219	52	1	312	4100.79	1279447.41
220	52	9	336	466.86	156864.04
221	52	10	679	475.59	322924.71
222	52	11	385	765.71	294799.42
223	52	13	642	810.06	520060.67
224	52	19	238	2317.83	551642.75
225	53	11	466	780.64	363780.31
226	53	18	280	8897.65	2491341.81
227	53	27	333	6454.28	2149276.15
228	54	26	67	5052.81	338538.19
229	54	2	252	4079.84	1028118.63
230	55	9	198	500	99000
231	55	2	78	4200	327600
232	55	13	156	900	140400
233	56	2	1032	4147.25	4279963.55
234	56	34	456	2998.53	1367329.67
235	56	11	74	733.43	54273.51
236	56	12	703	679.71	477832.95
237	56	31	508	9483.48	4817605.48
238	57	11	286	750.37	214604.66
239	57	15	160	1780.28	284845.09
240	58	33	296	1676.05	496109.32
241	58	2	573	3809.7	2182956.05
242	58	3	335	3645.44	1221223.94
243	58	16	627	2416.56	1515180.77
244	58	17	662	2455.12	1625286.81
245	58	26	133	4853.8	645555.85
246	58	31	736	8887.17	6540955.91
247	59	33	354	1693.09	599353.73
248	59	5	487	2738.35	1333578.54
249	59	11	255	751.93	191742.78
250	59	16	329	2651.93	872484.23
251	59	18	83	9383.1	778796.98
252	59	26	196	4922.69	964847.62
253	60	2	287	3851.01	1105239.41
254	60	12	284	672.76	191063.73
255	60	31	284	9248.93	2626694.72
256	61	1	579	3934.64	2278157.13
257	61	35	118	4417.63	521280.88
258	61	4	388	3649.46	1415991.63
259	61	5	829	2386.21	1978167.76
260	61	8	289	3120.43	901805.24
261	61	20	269	2259.43	607786.7
262	61	25	803	3131.15	2514310.96
263	62	1	82	3949.64	323870.82
264	62	34	299	3155.59	943522.26
265	62	2	589	4027.47	2372177.38
266	62	4	188	3939.61	740646.82
267	62	9	53	463.67	24574.58
268	62	15	584	1774.51	1036314.26
269	62	18	550	8949.45	4922199.18
270	62	26	125	4992.73	624091.2
271	63	11	461	716.15	330146.13
272	63	1	373	3953.93	1474815.47
273	63	3	392	3707.91	1453501.49
274	63	12	404	598.66	241860.47
275	64	26	505	4936.39	2492878.06
276	64	20	259	2212.78	573109.51
277	64	5	136	2586.04	351701.97
278	64	6	396	2428.13	961538.36
279	65	2	124	3938.22	488339.13
280	65	34	162	3022.14	489586.52
281	65	14	334	4223.46	1410635.36
282	65	17	243	2582.71	627599.56
283	65	18	181	8777.06	1588647.69
284	65	20	233	2329.48	542768.93
285	66	18	26	8869.48	230606.49
286	67	1	455	3958.34	1801042.58
287	67	34	465	2968.49	1380346.7
288	67	4	48	3936.01	188928.35
289	67	10	239	480.55	114850.59
290	67	20	218	2333.01	508596.22
291	68	1	670	4031.07	2700818.95
292	68	4	380	4040.73	1535479.2
293	68	17	396	2692.35	1066172.2
294	68	18	230	9154.65	2105570.01
295	68	19	177	2306.6	408267.98
296	68	29	659	4220.59	2781370.91
297	69	1	283	3933.27	1113116.44
298	69	21	265	2070.59	548706.17
299	69	14	177	3921.81	694160.25
300	70	19	153	2500	382500
301	70	34	221	3200	707200
302	70	3	96	4200	403200
303	71	1	111	4200	466200
304	71	18	229	9500	2175500
305	71	20	117	2500	292500
306	71	13	108	900	97200
307	72	2	81	3831.83	310377.97
308	72	22	393	2324.18	913402.54
309	72	23	362	2294.68	830673.81
310	73	37	110	3459.52	380547.03
311	73	6	79	2711.03	214171.01
312	73	8	244	3329.13	812307.23
313	73	12	171	663.47	113452.91
314	73	26	263	4990.1	1312396.51
315	74	3	900	3929.9	3536909.46
316	74	12	163	643.54	104897.19
317	74	13	1019	825.43	841115.48
318	74	30	796	4813.72	3831725.07
319	74	31	959	8889.46	8524993.28
320	75	4	174	4200	730800
321	75	12	113	700	79100
322	75	6	243	2800	680400
323	76	16	186	2572.37	478460.6
324	76	17	142	2541.76	360929.23
325	77	10	50	447.76	22388.01
326	77	3	234	3738.29	874760.9
327	78	32	93	12354.99	1149013.93
328	78	35	47	4734.9	222540.44
329	78	7	288	1448.79	417251.81
330	79	33	177	1632.2	288899.07
331	79	1	413	4071.75	1681631.52
332	79	37	658	3160.19	2079405.99
333	79	8	500	3414.47	1707236.33
334	79	12	389	661.76	257425.42
335	79	17	399	2621.53	1045991.59
336	79	28	649	6276.64	4073538.34
337	79	30	533	4893.71	2608347.62
338	80	4	443	4034.28	1787185.61
339	80	37	205	3343.7	685458.18
340	80	17	459	2568.88	1179114.88
341	80	24	164	2895.78	474908.45
342	80	28	394	6290.25	2478358.15
343	81	2	435	3606.13	1568666.38
344	81	4	239	3681.4	879853.58
345	81	39	411	8817.94	3624172.64
346	81	10	198	439.57	87035.81
347	81	11	44	692.81	30483.83
348	81	16	253	2563.99	648688.32
349	81	23	219	2161.14	473289.32
350	82	33	244	1800	439200
351	82	11	324	800	259200
352	82	15	409	1800	736200
353	83	16	248	2800	694400
354	83	18	197	9500	1871500
355	83	3	225	4200	945000
356	83	36	462	4800	2217600
357	84	26	163	5004.12	815671.51
358	84	27	234	6534.94	1529174.8
359	84	4	176	3965.93	698003.08
360	85	19	293	2308.09	676269.87
361	85	3	234	4122.72	964715.61
362	85	22	131	2435.25	319018.33
363	86	1	223	3982.62	888124.93
364	86	6	352	2729.67	960842.33
365	86	9	399	460.45	183720.87
366	86	18	115	9402.95	1081339.15
367	86	19	82	2352.85	192933.9
368	86	21	259	2074.84	537384.15
369	86	26	489	5134.26	2510655.39
370	87	2	119	3784.18	450317.24
371	87	34	884	3079.1	2721921.26
372	87	6	183	2683.98	491168.06
373	87	11	765	783.53	599400.84
374	87	14	438	4280.02	1874647.2
375	87	16	1068	2540.49	2713244.56
376	87	23	940	2386.77	2243564.19
377	88	16	421	2557.66	1076773.18
378	88	3	611	3803.35	2323846.09
379	88	31	161	9172.69	1476802.44
380	88	23	245	2451.53	600625.43
381	89	10	133	500	66500
382	89	39	160	9500	1520000
383	90	4	127	3735.19	474368.53
384	90	12	335	663.36	222227.2
385	90	14	87	4031.41	350732.51
386	90	26	759	4913.77	3729554.49
387	90	27	951	5817.91	5532833.4
388	91	2	247	4058.33	1002408.43
389	91	36	941	4540.49	4272597.42
390	91	5	1029	2732.8	2812055.82
391	91	6	1045	2617.73	2735532.84
392	91	20	1116	2441.73	2724969.75
393	91	22	590	2381.01	1404795.39
394	91	28	1180	6432.25	7590057.15
395	92	3	300	4032.09	1209627.7
396	92	1	205	4126.33	845897.64
397	92	27	295	6295.66	1857218.25
398	93	16	315	2550.42	803382.33
399	93	33	428	1660.79	710816.29
400	93	21	85	2163.85	183927.58
401	93	29	61	4192.87	255765.19
402	94	36	169	4566.9	771806.02
403	95	11	178	749.31	133376.63
404	95	32	207	11924.61	2468393.76
405	95	3	289	3970.77	1147551.11
406	96	32	273	12500	3412500
407	96	2	236	4200	991200
408	96	34	283	3200	905600
409	96	3	276	4200	1159200
410	96	31	492	9800	4821600
411	97	2	589	3892.98	2292966.52
412	97	27	311	6394.55	1988703.64
413	97	12	68	600.48	40832.47
414	98	32	576	12099.89	6969537.86
415	98	19	238	2408.71	573273.61
416	98	3	716	4050.94	2900473.57
417	98	13	379	821.83	311475.05
418	99	16	326	2800	912800
419	99	2	296	4200	1243200
420	99	3	369	4200	1549800
421	99	20	278	2500	695000
422	100	13	241	900	216900
423	101	17	400	2440.58	976230.72
424	101	11	76	692.42	52623.75
425	101	20	41	2157.53	88458.85
426	101	37	406	3089.84	1254476.9
427	102	32	289	12500	3612500
428	102	1	544	4200	2284800
429	102	2	436	4200	1831200
430	102	35	277	4800	1329600
431	102	16	175	2800	490000
432	102	20	181	2500	452500
433	102	21	340	2200	748000
434	103	4	196	3679.72	721224.47
435	103	21	81	1994.88	161585.33
436	103	14	254	3943.26	1001588.48
437	104	32	181	11389.68	2061532.15
438	104	5	153	2701.8	413374.78
439	105	17	129	2611.19	336843.83
440	105	20	660	2334.24	1540598.2
441	105	4	70	3733.68	261357.63
442	105	22	535	2199.41	1176686.71
443	106	1	475	4073.18	1934760.36
444	106	3	552	3963.16	2187661.92
445	106	10	128	465.32	59561.07
446	106	14	221	4337.81	958657.1
447	106	25	77	3166.86	243848.02
448	106	28	504	6629.11	3341071.3
449	107	34	467	2922.6	1364855.54
450	107	27	203	6194.51	1257485.3
451	107	37	187	3394.01	634680.65
452	108	1	196	3847.26	754063.0
453	108	33	108	1699.08	183501.06
454	108	34	340	3098.09	1053351.5
455	108	6	46	2640.35	121455.87
456	108	11	268	741.66	198764.15
457	108	17	350	2724.49	953569.95
458	108	28	368	6305.12	2320283.97
459	109	18	380	9376.64	3563124.44
460	109	4	540	4081.05	2203768.4
461	109	13	456	850.44	387801.18
462	109	23	296	2386.78	706485.75
463	110	1	311	4200	1306200
464	110	35	467	4800	2241600
465	110	6	380	2800	1064000
466	110	21	69	2200	151800
467	110	29	484	4500	2178000
468	111	8	58	3404.13	197439.68
469	111	27	388	6335.48	2458168.14
470	111	7	398	1452.49	578091.58
471	112	3	307	3638.74	1117093.45
472	112	28	381	5907.26	2250666.54
473	112	15	317	1644.04	521160.21
474	113	8	282	3230.18	910910.18
475	113	4	121	3949.09	477840.35
476	113	14	219	4357.62	954317.74
477	114	1	327	4200	1373400
478	114	2	400	4200	1680000
479	114	14	400	4500	1800000
480	114	18	68	9500	646000
481	114	19	445	2500	1112500
482	115	35	161	4474.5	720395.12
483	115	4	214	4014.44	859090.6
484	115	6	687	2610.26	1793246.38
485	115	17	448	2728.97	1222578.39
486	115	18	400	9306.1	3722441.9
487	115	22	326	2468.44	804710.41
488	116	33	917	1655.27	1517886.27
489	116	3	99	3803.79	376575.51
490	116	7	514	1378.06	708324.71
491	116	16	353	2595.94	916366.96
492	116	27	539	6548.1	3529426.47
493	116	31	868	8971.96	7787661.97
494	117	1	409	3872.33	1583784.92
495	117	38	97	11212.53	1087615.33
496	118	11	96	756.76	72649.25
497	118	22	29	2463.54	71442.62
498	119	2	474	3844.15	1822126.37
499	119	37	587	3241.68	1902868.36
500	119	40	569	7759.15	4414955.67
501	119	11	189	723.04	136654.79
502	119	16	158	2507.64	396207.41
503	119	29	614	4164.64	2557088.08
504	120	33	459	1800	826200
505	120	1	446	4200	1873200
506	121	33	369	1627.22	600445.67
507	121	2	320	3939.12	1260517.94
508	121	1	316	3882.02	1226719.27
509	121	4	494	3789.54	1872032.28
510	121	15	543	1738.92	944232.78
511	122	1	602	4200	2528400
512	122	35	348	4800	1670400
513	122	3	484	4200	2032800
514	122	9	620	500	310000
515	122	14	271	4500	1219500
516	122	15	104	1800	187200
517	123	9	163	500	81500
518	124	2	439	4115.67	1806780.19
519	124	15	592	1645.1	973897.58
520	124	18	273	8705.1	2376493.58
521	124	20	92	2401.83	220968.68
522	124	21	257	2155.53	553970.56
523	125	2	241	4015.5	967735.78
524	125	18	321	9013.44	2893314.09
525	125	12	390	637.28	248539.88
526	125	5	153	2537.03	388165.83
527	126	3	250	3759.74	939934.48
528	126	5	1159	2583.77	2994593.34
529	126	7	1167	1291.94	1507696.08
530	126	16	78	2503.1	195242.1
531	126	19	705	2280.7	1607896.3
532	127	32	547	12500	6837500
533	127	3	192	4200	806400
534	127	16	750	2800	2100000
535	127	17	855	2800	2394000
536	127	18	774	9500	7353000
537	127	20	448	2500	1120000
538	128	5	205	2649.17	543080.84
539	128	21	164	2058.44	337584.03
540	129	4	931	3904.65	3635225.7
541	129	9	863	468.18	404041.53
542	129	20	165	2271.76	374840.02
543	129	21	488	1983.13	967765.86
544	129	24	172	2923.71	502878.52
545	129	31	97	9700.43	940941.25
546	130	32	306	11223.66	3434440.18
547	130	35	97	4469.87	433577.03
548	130	37	388	3008.1	1167142.5
549	130	11	314	710.07	222963.23
550	130	15	497	1658.44	824242.55
551	130	19	362	2361.32	854799.59
552	130	28	336	6124.18	2057724.94
553	131	16	126	2800	352800
554	131	26	141	5200	733200
555	131	21	143	2200	314600
556	131	29	127	4500	571500
557	132	1	108	4200	453600
558	132	3	293	4200	1230600
559	132	12	570	700	399000
560	132	16	282	2800	789600
561	132	24	652	3200	2086400
562	133	32	314	12500	3925000
563	133	1	163	4200	684600
564	133	36	161	4800	772800
565	133	9	168	500	84000
566	133	20	56	2500	140000
567	134	38	295	10822.54	3192649.54
568	134	15	73	1726.64	126044.57
569	134	18	905	8560.11	7746895.92
570	134	23	778	2391.22	1860367.33
571	134	26	469	4914.87	2305072.46
572	135	2	182	4200	764400
573	135	35	317	4800	1521600
574	135	4	240	4200	1008000
575	135	39	378	9500	3591000
576	135	31	49	9800	480200
577	136	34	708	3068.61	2172576.79
578	136	2	344	3976.95	1368070.96
579	136	37	387	3448.74	1334660.96
580	136	13	205	857.82	175852.73
581	136	18	354	8632.06	3055748.21
582	136	20	555	2357.35	1308328.77
583	137	3	462	4101.34	1894819.93
584	137	35	961	4373.23	4202676.56
585	137	14	223	4280.64	954582.38
586	137	15	1065	1738.1	1851081.08
587	137	20	1050	2328.77	2445208.25
588	137	24	372	3036.76	1129673.64
589	138	16	53	2800	148400
590	138	17	43	2800	120400
591	138	3	84	4200	352800
592	139	16	367	2724.94	1000052.63
593	139	36	367	4332.35	1589973.99
594	140	11	244	760.03	185447.38
595	141	17	90	2531.29	227816.43
596	141	19	125	2207.32	275915.38
597	141	31	308	8777.43	2703447.3
598	142	32	193	12500	2412500
599	142	33	426	1800	766800
600	142	34	574	3200	1836800
601	142	35	525	4800	2520000
602	142	5	525	2800	1470000
603	142	9	44	500	22000
604	142	12	368	700	257600
605	142	14	664	4500	2988000
606	142	16	202	2800	565600
607	143	3	107	4200	449400
608	144	32	197	11778.14	2320292.7
609	144	1	281	3933.53	1105321.92
610	144	8	318	3190.83	1014684.06
611	144	18	380	8737.75	3320345.52
612	144	31	67	9129.38	611668.77
613	145	16	489	2539.85	1241988.91
614	145	2	394	4053.31	1597005.94
615	145	4	241	3882.34	935644.55
616	145	31	285	9199.09	2621739.6
617	146	26	121	5200	629200
618	146	2	157	4200	659400
619	146	12	124	700	86800
620	147	3	79	3781.86	298766.83
621	148	16	927	2515.03	2331435.96
622	148	1	826	3617.68	2988202.95
623	148	20	712	2373.2	1689717.93
624	148	4	282	3946.64	1112952.33
625	149	2	154	4131.66	636275.94
626	149	26	264	5081.51	1341518.03
627	149	34	251	2935.62	736841.75
628	149	19	44	2317.67	101977.42
629	150	5	248	2569.74	637295.6
630	150	13	163	844.66	137679.04
631	150	29	218	4079.62	889357.85
632	151	35	485	4729.96	2294032.16
633	151	10	819	467.25	382678.46
634	151	11	673	750.58	505137.08
635	151	14	212	4255.73	902213.71
636	151	15	352	1681.02	591719.74
637	151	16	892	2543.24	2268573.91
638	151	18	673	9362.08	6300682.18
639	152	2	617	3964.23	2445931.84
640	152	11	589	786.1	463010.54
641	152	15	355	1700.25	603587.69
642	153	17	76	2636.64	200384.85
643	153	1	122	4069.64	496496.13
644	153	15	40	1752.06	70082.42
645	154	18	496	8433.35	4182943.94
646	154	14	388	4233.16	1642467.62
647	154	31	104	8961.99	932046.98
648	155	5	236	2691.82	635268.75
649	155	6	699	2696.99	1885197.93
650	155	9	247	489.87	120998.56
651	155	14	126	4135.76	521106.08
652	155	18	131	9250.09	1211761.86
653	155	27	63	6652.69	419119.68
654	155	30	777	4805.22	3733656.01
655	156	4	80	4200	336000
656	156	5	571	2800	1598800
657	156	6	435	2800	1218000
658	156	17	516	2800	1444800
659	156	19	448	2500	1120000
660	156	25	67	3500	234500
661	156	28	567	6800	3855600
662	157	32	572	12500	7150000
663	157	33	103	1800	185400
664	157	2	534	4200	2242800
665	157	13	182	900	163800
666	157	15	140	1800	252000
667	157	31	244	9800	2391200
668	158	24	156	3200	499200
669	158	25	684	3500	2394000
670	158	3	804	4200	3376800
671	158	16	670	2800	1876000
672	159	37	758	3323.7	2519363.89
673	159	9	622	478.65	297722.61
674	159	16	476	2544.44	1211151.64
675	159	17	94	2709.8	254721.25
676	159	31	214	9220.32	1973147.94
677	160	3	51	3979.75	202967.0
678	161	1	641	3847.2	2466053.87
679	161	7	158	1375.57	217340.2
680	161	17	438	2604.19	1140636.7
681	161	25	819	3092.79	2532992.35
682	161	31	806	9250.8	7456143.7
683	162	33	96	1770.58	169975.54
684	162	14	77	4191.84	322771.47
685	163	16	314	2800	879200
686	163	34	184	3200	588800
687	163	3	164	4200	688800
688	163	15	930	1800	1674000
689	164	17	565	2549.75	1440609.92
690	164	18	1154	9375.73	10819597.21
691	164	11	214	775.78	166016.71
692	164	28	254	6299.96	1600189.66
693	165	32	218	12500	2725000
694	165	1	324	4200	1360800
695	165	2	229	4200	961800
696	165	33	468	1800	842400
697	165	11	506	800	404800
698	165	12	143	700	100100
699	165	27	174	6800	1183200
700	166	7	692	1359.0	940427.98
701	166	9	528	426.15	225009.3
702	166	14	700	3845.24	2691665.4
703	166	19	864	2164.35	1870001.07
704	166	30	814	4474.3	3642083.06
705	167	32	257	11709.93	3009450.78
706	167	10	313	454.49	142253.96
707	168	35	105	4800	504000
708	168	15	59	1800	106200
709	168	39	342	9500	3249000
710	169	32	149	12282.12	1830036.37
711	169	1	535	3872.2	2071625.57
712	169	11	583	757.16	441425.44
713	169	17	202	2561.98	517518.96
714	169	20	279	2419.71	675098.56
715	169	26	53	4753.4	251930.41
716	170	32	828	10660.43	8826833.91
717	170	2	834	3685.81	3073967.62
718	170	3	707	3720.99	2630737.0
719	170	12	254	658.36	167223.46
720	170	16	72	2443.13	175905.15
721	170	18	60	8589.29	515357.42
722	170	23	538	2130.35	1146126.3
723	170	26	375	4657.33	1746498.48
724	171	1	741	4151.98	3076615.64
725	171	3	492	3854.11	1896223.63
726	171	4	201	3939.24	791787.07
727	171	5	84	2585.33	217168.09
728	171	15	747	1685.65	1259177.21
729	171	16	116	2558.43	296778.26
730	171	18	678	8732.4	5920568.52
731	171	21	460	2087.95	960455.24
732	171	28	545	6315.77	3442097.05
733	172	1	263	4200	1104600
734	172	9	489	500	244500
735	172	16	163	2800	456400
736	172	17	430	2800	1204000
737	172	19	93	2500	232500
738	173	1	142	3864.08	548699.71
739	173	33	248	1744.72	432689.51
740	173	38	604	11049.3	6673777.8
741	173	17	653	2542.06	1659963.94
742	173	18	511	8608.69	4399043.08
743	173	21	895	2011.79	1800553.61
744	173	26	305	4683.16	1428365.16
745	174	25	151	3307.77	499473.16
746	174	26	341	4735.51	1614807.91
747	174	11	79	732.99	57906.34
748	174	4	113	3827.89	432551.83
749	175	35	850	4800	4080000
750	175	4	468	4200	1965600
751	175	11	554	800	443200
752	175	15	714	1800	1285200
753	175	16	831	2800	2326800
754	175	21	856	2200	1883200
755	175	26	369	5200	1918800
756	176	3	512	3888.44	1990880.54
757	176	4	763	3613.14	2756824.93
758	176	31	818	8882.37	7265774.95
759	177	32	254	12500	3175000
760	177	33	197	1800	354600
761	177	2	103	4200	432600
762	177	3	154	4200	646800
763	177	21	197	2200	433400
764	178	2	292	3812.49	1113246.1
765	178	3	636	4057.17	2580361.45
766	178	12	829	637.37	528377.97
767	178	14	636	4428.46	2816500.99
768	178	28	636	6279.75	3993921.09
769	179	32	104	11462.17	1192065.19
770	179	1	98	3978.46	389889.25
771	180	1	602	4017.43	2418490.57
772	180	4	72	3920.29	282260.74
773	180	19	188	2251.15	423216.4
774	180	26	377	5088.9	1918514.25
775	180	30	148	4709.28	696973.88
776	181	1	351	3877.84	1361120.78
777	181	3	541	3973.49	2149660.54
778	181	11	92	733.36	67469.18
779	181	12	52	640.52	33306.82
780	181	15	629	1754.75	1103737.23
781	181	20	316	2307.94	729307.78
782	182	4	472	4045.33	1909397.75
783	182	9	584	483.94	282622.85
784	182	17	218	2734.56	596134.38
785	182	20	259	2288.36	592684.28
786	182	21	773	2142.39	1656067.14
787	183	32	213	11315.82	2410270.71
788	183	2	585	4050.35	2369452.65
789	183	4	104	4078.63	424177.81
790	183	5	357	2771.51	989430.06
791	183	11	178	741.47	131980.82
792	183	19	471	2326.27	1095672.51
793	183	29	426	4155.5	1770242.43
794	184	16	322	2800	901600
795	184	17	165	2800	462000
796	184	3	109	4200	457800
797	184	6	129	2800	361200
798	185	2	663	4023.61	2667653.67
799	185	15	516	1775.72	916269.2
800	185	16	497	2715.52	1349615.5
801	185	21	706	2040.36	1440496.41
802	185	23	577	2307.03	1331157.11
803	185	30	885	4837.91	4281546.46
804	185	31	516	9402.14	4851504.14
805	186	33	389	1762.3	685536.37
806	186	26	270	4715.98	1273314.21
807	186	18	91	9305.3	846781.93
808	186	20	112	2323.6	260243.4
809	187	1	270	3878.35	1047153.2
810	187	2	552	3794.37	2094493.8
811	187	35	230	4454.22	1024469.58
812	188	1	384	3835.27	1472743.21
813	188	13	180	812.5	146250.24
814	188	22	378	2250.35	850631.28
815	188	33	228	1670.03	380767.47
816	189	17	158	2800	442400
817	189	12	58	700	40600
818	189	15	251	1800	451800
819	190	18	129	9500	1225500
820	190	3	214	4200	898800
821	190	14	414	4500	1863000
822	191	11	185	800	148000
823	191	4	483	4200	2028600
824	191	30	92	5000	460000
825	191	7	424	1500	636000
826	192	12	121	645.89	78153.03
827	192	13	162	814.77	131992.27
828	193	17	230	2712.92	623971.57
829	193	35	556	4469.58	2485085.65
830	193	12	218	667.0	145405.05
831	193	23	321	2428.67	779604.08
832	194	18	88	9226.85	811962.93
833	194	7	139	1392.41	193545.27
834	195	19	228	2269.45	517433.46
835	195	7	102	1420.4	144881.29
836	195	15	198	1668.28	330318.53
837	196	8	504	3199.65	1612622.2
838	196	1	313	3989.91	1248841.83
839	196	3	553	3883.38	2147510.11
840	196	31	151	9607.49	1450730.33
841	197	1	457	4145.94	1894692.45
842	197	5	535	2531.95	1354592.93
843	197	11	515	779.11	401243.95
844	197	19	979	2279.7	2231824.96
845	197	20	541	2328.92	1259946.63
846	198	18	195	9500	1852500
847	198	12	61	700	42700
848	199	32	844	11821.4	9977262.17
849	199	3	669	3861.05	2583044.22
850	199	11	331	701.58	232222.48
851	199	12	400	658.12	263247.21
852	200	32	285	12139.6	3459786.19
853	200	35	499	4608.68	2299733.06
854	200	20	495	2302.97	1139972.1
855	200	30	393	4852.93	1907201.85
856	201	1	224	4155.22	930769.86
857	201	19	90	2316.36	208472.72
858	201	26	315	4970.79	1565797.87
859	201	27	456	6152.34	2805465.04
860	201	30	106	4562.36	483609.85
861	202	24	56	3120.48	174747.12
862	202	11	76	761.67	57887.2
863	202	28	252	6565.77	1654574.19
864	202	37	25	3276.9	81922.47
865	203	2	724	4114.16	2978652.33
866	203	11	389	728.54	283400.68
867	203	14	603	4065.52	2451507.5
868	203	17	296	2708.23	801637.13
869	203	23	537	2465.78	1324123.14
870	203	28	400	6410.6	2564239.42
871	204	8	552	3250.78	1794431.81
872	204	1	318	3777.62	1201282.28
873	204	36	650	4492.82	2920333.16
874	204	13	601	795.7	478217.53
875	205	2	392	3823.0	1498615.51
876	205	6	809	2662.3	2153800.66
877	205	7	898	1450.61	1302645.75
878	205	20	689	2309.64	1591340.49
879	205	25	518	3279.7	1698882.98
880	205	30	569	4669.07	2656698.64
881	205	31	765	9501.28	7268476.48
882	206	32	287	10812.58	3103211.56
883	206	1	41	3598.54	147540.14
884	206	4	82	3635.49	298110.58
885	206	11	261	689.01	179830.62
886	206	14	336	4246.81	1426928.99
887	206	26	489	4592.55	2245755.0
888	206	28	287	6044.46	1734760.79
889	207	34	696	3128.72	2177590.04
890	207	5	452	2756.77	1246059.42
891	207	38	280	11788.89	3300890.07
892	207	16	348	2750.57	957198.79
893	207	25	358	3339.15	1195416.42
894	208	32	810	11803.64	9560948.01
895	208	34	555	2894.7	1606560.42
896	208	12	261	666.34	173914.51
897	208	13	241	830.82	200228.43
898	208	15	143	1696.78	242639.49
899	208	23	189	2277.27	430403.22
900	209	1	161	4124.53	664050.13
901	209	3	1007	3813.67	3840369.63
902	209	7	422	1373.32	579539.82
903	209	14	908	4351.64	3951286.53
904	209	15	795	1771.87	1408633.21
905	210	1	1001	4079.28	4083357.33
906	210	37	194	3294.03	639041.25
907	210	6	1035	2709.78	2804620.36
908	210	5	250	2525.02	631255.59
909	210	11	959	769.4	737856.52
910	210	16	292	2607.58	761412.67
911	211	8	507	3202.37	1623599.27
912	211	25	684	3429.57	2345826.92
913	211	12	1077	668.48	719957.05
914	211	21	430	2008.81	863786.38
915	212	33	82	1800	147600
916	212	2	254	4200	1066800
917	212	36	108	4800	518400
918	212	9	250	500	125000
919	213	2	698	3958.76	2763211.33
920	213	3	261	4132.59	1078604.84
921	213	4	741	4008.71	2970455.94
922	213	10	579	466.0	269814.5
923	213	11	405	772.17	312729.25
924	213	12	274	632.13	173203.66
925	213	13	773	828.68	640565.87
926	214	3	250	4110.76	1027690.53
927	214	35	56	4504.67	252261.78
928	214	27	110	6642.87	730715.43
929	215	2	445	3589.0	1597106.02
930	215	3	252	3606.04	908721.17
931	215	12	346	626.77	216862.16
932	215	13	458	790.82	362196.25
933	215	21	522	2075.48	1083401.14
934	215	25	351	3028.41	1062971.75
935	215	30	526	4511.66	2373132.07
936	215	31	64	9076.21	580877.19
937	216	32	616	12500	7700000
938	216	35	308	4800	1478400
939	216	37	99	3500	346500
940	216	7	694	1500	1041000
941	216	11	78	800	62400
942	216	13	663	900	596700
943	216	14	611	4500	2749500
944	216	20	94	2500	235000
945	216	23	235	2500	587500
946	217	1	344	4034.82	1387978.49
947	217	5	262	2677.29	701450.53
948	217	21	77	2053.42	158113.55
949	217	14	172	4204.05	723097.2
950	218	32	611	11663.17	7126198.02
951	218	2	862	4129.69	3559793.54
952	218	37	238	3279.78	780588.56
953	218	21	803	2160.8	1735120.35
954	219	2	341	4200	1432200
955	219	3	176	4200	739200
956	219	35	282	4800	1353600
957	219	4	858	4200	3603600
958	219	15	217	1800	390600
959	219	16	829	2800	2321200
960	220	1	163	4200	684600
961	220	36	654	4800	3139200
962	220	5	557	2800	1559600
963	220	12	221	700	154700
964	220	13	261	900	234900
965	221	32	837	12500	10462500
966	221	11	102	800	81600
967	221	17	343	2800	960400
968	221	19	229	2500	572500
969	221	21	337	2200	741400
970	222	1	26	4012.05	104313.31
971	223	32	419	11924.7	4996449.51
972	223	2	317	3914.31	1240836.58
973	223	3	541	4012.86	2170958.95
974	223	17	639	2715.19	1735009.07
975	223	25	322	3423.06	1102226.69
976	224	3	708	4029.35	2852778.85
977	224	2	286	4041.19	1155781.64
978	224	11	875	720.94	630821.15
979	224	22	588	2267.23	1333129.53
980	225	36	414	4683.55	1938989.56
981	225	23	442	2341.76	1035058.99
982	226	1	532	3815.68	2029942.77
983	226	21	297	2015.99	598749.43
984	227	33	84	1647.68	138404.9
985	227	18	210	9238.7	1940127.07
986	227	5	138	2548.97	351758.13
987	227	6	163	2663.09	434083.97
988	228	23	116	2400.5	278457.79
989	229	1	291	3961.2	1152709.97
990	229	2	316	3919.73	1238633.18
991	229	3	776	3622.35	2810943.51
992	229	37	658	3018.85	1986406.27
993	229	38	515	11358.51	5849632.79
994	229	13	378	803.42	303693.03
995	229	16	558	2388.11	1332562.75
996	229	18	254	9006.49	2287649.29
997	229	30	571	4333.58	2474472.58
998	230	4	203	4101.55	832613.98
999	230	12	41	670.41	27486.62
1000	230	5	331	2684.69	888632.6
1001	231	1	614	3977.39	2442116.56
1002	231	2	106	3925.32	416084.43
1003	231	6	319	2764.57	881898.19
1004	231	12	545	640.42	349031.54
1005	231	14	457	4175.73	1908307.24
1006	231	19	81	2310.33	187136.52
1007	231	27	457	6689.26	3056993.16
1008	231	28	928	6436.38	5972961.83
1009	231	31	119	9231.59	1098558.66
1010	232	1	47	3926.54	184547.41
1011	232	37	175	3152.14	551624.81
1012	232	5	493	2708.95	1335512.26
1013	232	7	260	1436.18	373405.89
1014	232	10	429	465.97	199899.27
1015	233	33	192	1687.55	324009.97
1016	233	4	83	4059.16	336910.65
1017	233	23	96	2335.48	224206.51
1018	234	1	154	3837.94	591042.07
1019	234	3	437	3790.34	1656376.72
1020	234	5	254	2755.58	699917.92
1021	235	2	614	3615.54	2219939.59
1022	235	3	970	3777.39	3664064.41
1023	235	7	252	1282.14	323099.99
1024	235	9	1011	442.93	447800.95
1025	235	13	737	833.42	614230.41
1026	235	17	444	2653.91	1178336.72
1027	235	22	874	2231.93	1950710.13
1028	236	2	694	3583.86	2487199.08
1029	236	3	138	3629.8	500911.92
1030	236	38	288	10613.19	3056597.54
1031	236	11	710	690.37	490164.09
1032	236	31	673	8713.2	5863981.86
1033	237	33	81	1800	145800
1034	237	37	405	3500	1417500
1035	237	6	81	2800	226800
1036	237	21	205	2200	451000
1037	237	28	163	6800	1108400
1038	238	1	236	4153.62	980253.94
1039	238	11	231	744.87	172065.6
1040	238	20	253	2312.67	585105.9
1041	238	5	186	2629.89	489160.09
1042	239	32	189	12500	2362500
1043	239	35	880	4800	4224000
1044	239	11	395	800	316000
1045	239	21	602	2200	1324400
1046	239	28	70	6800	476000
1047	240	34	91	3010.36	273942.4
1048	240	4	67	4007.26	268486.6
1049	240	30	229	4560.24	1044295.89
1050	241	32	160	12500	2000000
1051	242	1	313	3817.8	1194971.47
1052	242	27	663	6080.05	4031071.43
1053	242	22	1020	2262.31	2307556.38
1054	242	17	328	2431.5	797532.21
1055	243	1	251	3893.06	977157.72
1056	243	18	254	8197.02	2082043.59
1057	243	31	443	9074.22	4019877.64
1058	243	39	260	8263.62	2148542.29
1059	244	3	271	4200	1138200
1060	244	12	160	700	112000
1061	244	13	588	900	529200
1062	245	1	433	4200	1818600
1063	245	2	84	4200	352800
1064	245	15	80	1800	144000
1065	245	33	154	1800	277200
1066	246	35	60	4375.69	262541.68
1067	246	9	714	471.86	336905.49
1068	246	12	624	655.74	409180.86
1069	246	15	576	1765.65	1017011.85
1070	246	16	804	2714.74	2182647.06
1071	247	2	467	3921.25	1831222.19
1072	247	3	379	3618.54	1371426.7
1073	247	12	410	652.18	267394.39
1074	247	14	419	3873.53	1623008.11
1075	247	15	291	1574.8	458266.59
1076	247	17	662	2644.01	1750333.99
1077	248	2	1026	4200	4309200
1078	248	6	356	2800	996800
1079	248	7	984	1500	1476000
1080	248	14	943	4500	4243500
1081	248	26	761	5200	3957200
1082	248	30	698	5000	3490000
1083	249	11	193	800	154400
1084	249	16	95	2800	266000
1085	249	27	129	6800	877200
1086	249	20	177	2500	442500
1087	250	1	203	4140.21	840463.1
1088	250	37	330	3207.62	1058515.32
1089	250	31	368	9245.17	3402223.5
1090	251	36	513	4470.96	2293602.76
1091	251	7	638	1388.34	885759.76
1092	251	9	381	466.73	177823.62
1093	251	12	993	672.82	668111.4
1094	251	13	402	829.03	333270.01
1095	252	32	300	10975.41	3292623.19
1096	252	9	223	449.25	100182.91
1097	252	19	325	2290.18	744307.9
1098	253	2	290	3863.15	1120314.87
1099	253	29	28	4245.81	118882.74
1100	254	16	18	2685.76	48343.68
1101	254	8	137	3227.46	442161.46
1102	255	4	71	3593.5	255138.81
1103	255	7	116	1316.25	152684.92
1104	255	18	40	8182.76	327310.57
1105	255	24	318	2768.5	880382.41
1106	255	26	92	4428.72	407442.27
1107	256	1	153	4200	642600
1108	256	33	258	1800	464400
1109	256	5	244	2800	683200
1110	256	7	587	1500	880500
1111	256	15	874	1800	1573200
1112	256	30	1014	5000	5070000
1113	257	32	207	12500	2587500
1114	257	2	523	4200	2196600
1115	257	4	491	4200	2062200
1116	257	20	636	2500	1590000
1117	257	27	45	6800	306000
1118	258	3	210	4200	882000
1119	258	4	70	4200	294000
1120	258	13	126	900	113400
1121	259	5	544	2800	1523200
1122	259	6	521	2800	1458800
1123	259	16	585	2800	1638000
1124	259	19	376	2500	940000
1125	259	30	367	5000	1835000
1126	260	2	451	3988.15	1798655.69
1127	260	3	574	3969.52	2278506.68
1128	260	9	218	480.02	104643.75
1129	260	11	1069	776.35	829915.72
1130	260	17	94	2606.71	245030.61
1131	261	1	282	4111.91	1159557.27
1132	261	19	150	2368.64	355296.22
1133	262	33	677	1800	1218600
1134	262	26	121	5200	629200
1135	262	5	748	2800	2094400
1136	263	32	1116	11393.89	12715578.15
1137	263	3	908	4117.87	3739026.16
1138	263	5	569	2574.41	1464838.04
1139	263	6	146	2707.32	395268.34
1140	263	11	932	780.47	727399.89
1141	263	16	716	2688.6	1925036.48
1142	263	18	500	8811.51	4405753.72
1143	263	22	739	2294.49	1695627.68
1144	264	2	171	4093.69	700021.28
1145	264	3	246	4121.23	1013823.22
1146	264	12	527	654.97	345168.72
1147	264	13	647	869.14	562331.45
1148	264	14	57	4191.68	238926.02
1149	264	26	315	4957.13	1561496.25
1150	265	2	507	4200	2129400
1151	265	37	103	3500	360500
1152	265	10	625	500	312500
1153	265	11	211	800	168800
1154	265	12	320	700	224000
1155	265	18	197	9500	1871500
1156	265	29	128	4500	576000
1157	266	35	55	4800	264000
1158	266	19	351	2500	877500
1159	266	12	529	700	370300
1160	267	2	184	4016.43	739023.08
1161	267	5	429	2708.21	1161822.96
1162	267	40	361	8152.14	2942922.22
1163	267	11	372	735.86	273738.38
1164	267	19	229	2473.28	566380.56
1165	267	31	278	9364.28	2603270.82
1166	268	9	237	500	118500
1167	268	11	215	800	172000
1168	268	20	427	2500	1067500
1169	268	4	352	4200	1478400
1170	269	3	66	3827.61	252622.19
1171	270	16	450	2689.7	1210365.74
1172	270	32	418	11590.53	4844840.14
1173	270	23	292	2290.22	668745.27
1174	271	2	129	4200	541800
1175	271	30	97	5000	485000
1176	272	1	286	3873.99	1107961.37
1177	272	2	146	3777.9	551573.97
1178	272	12	777	603.79	469147.76
1179	272	13	637	835.46	532185.4
1180	273	16	311	2800	870800
1181	273	33	271	1800	487800
1182	273	21	58	2200	127600
1183	274	3	202	4111.5	830522.1
1184	274	12	191	677.69	129439.44
1185	274	5	367	2610.15	957926.7
1186	275	2	359	3889.72	1396410.83
1187	275	10	247	439.55	108569.19
1188	275	31	296	8867.64	2624820.09
1189	276	5	155	2800	434000
1190	276	15	24	1800	43200
1191	277	1	100	3923.48	392347.72
1192	277	26	74	4842.7	358359.63
1193	277	21	28	2078.78	58205.77
1194	277	14	54	4056.24	219037.03
1195	278	2	1146	4130.91	4734024.88
1196	278	3	1138	3953.09	4498622.02
1197	278	35	703	4349.62	3057780.33
1198	278	36	569	4460.33	2537929.85
1199	278	7	648	1481.58	960066.58
1200	278	11	798	741.84	591985.6
1201	278	14	387	4261.24	1649100.28
1202	278	22	774	2432.45	1882720.09
1203	278	26	505	5050.49	2550498.12
1204	279	1	169	4200	709800
1205	279	2	508	4200	2133600
1206	279	13	272	900	244800
1207	279	6	616	2800	1724800
1208	280	8	546	3365.58	1837606.8
1209	280	38	387	11296.05	4371572.75
1210	281	29	285	4168.31	1187967.02
1211	282	1	260	3970.83	1032416.38
1212	282	2	774	3938.31	3048248.13
1213	282	35	942	4469.12	4209911.6
1214	282	3	577	3925.62	2265082.0
1215	282	16	935	2654.59	2482040.38
1216	282	20	197	2352.2	463383.26
1217	282	21	619	2081.38	1288372.68
1218	282	22	654	2424.24	1585454.19
1219	283	18	126	9305.4	1172479.92
1220	283	5	61	2577.55	157230.57
1221	284	2	398	4200	1671600
1222	284	37	35	3500	122500
1223	284	10	79	500	39500
1224	284	12	277	700	193900
1225	284	17	335	2800	938000
1226	285	40	325	8025.24	2608201.77
1227	285	34	207	3167.83	655740.36
1228	285	32	100	11464.36	1146435.52
1229	286	3	721	4140.2	2985082.02
1230	286	4	479	3955.35	1894611.96
1231	286	36	188	4619.28	868423.94
1232	286	38	416	11311.6	4705627.24
1233	286	19	58	2454.18	142342.35
1234	286	22	295	2268.18	669114.44
1235	287	1	220	4017.73	883900.76
1236	287	5	224	2614.48	585643.39
1237	287	7	309	1401.84	433168.06
1238	288	25	162	3376.34	546966.86
1239	288	19	244	2452.29	598359.28
1240	288	28	367	6310.44	2315929.67
1241	288	5	334	2668.61	891314.95
1242	289	32	261	12216.57	3188524.08
1243	289	16	160	2684.81	429570.2
1244	289	3	40	3830.51	153220.26
1245	289	31	378	9025.89	3411784.85
1246	290	1	43	4021.69	172932.79
1247	290	2	128	3808.44	487480.93
1248	291	11	155	745.05	115482.71
1249	291	4	525	3813.35	2002009.56
1250	291	21	296	2121.74	628035.05
1251	292	33	421	1586.27	667821.6
1252	292	10	330	457.68	151033.16
1253	292	15	232	1636.02	379556.61
1254	292	16	770	2400.6	1848461.87
1255	292	23	703	2296.66	1614554.54
1256	292	25	311	3021.55	939703.3
1257	292	28	605	5885.79	3560903.31
1258	293	34	570	3200	1824000
1259	293	5	247	2800	691600
1260	293	6	703	2800	1968400
1261	293	14	133	4500	598500
1262	294	1	623	4157.0	2589813.09
1263	294	37	390	3289.84	1283037.15
1264	294	11	604	780.14	471203.43
1265	294	14	704	4169.9	2935609.22
1266	294	16	157	2608.03	409460.39
1267	294	17	356	2567.07	913878.33
1268	294	18	356	8979.07	3196547.37
1269	294	30	90	4631.1	416798.84
1270	295	2	831	4200	3490200
1271	295	3	542	4200	2276400
1272	295	4	474	4200	1990800
1273	295	16	369	2800	1033200
1274	295	30	652	5000	3260000
1275	296	1	288	4052.94	1167246.21
1276	296	2	317	3999.14	1267726.95
1277	296	3	464	4127.49	1915154.65
1278	296	28	368	6661.78	2451535.33
1279	297	1	631	4200	2650200
1280	297	3	331	4200	1390200
1281	297	6	417	2800	1167600
1282	297	31	576	9800	5644800
1283	298	17	940	2800	2632000
1284	298	12	561	700	392700
1285	298	4	150	4200	630000
1286	298	13	1004	900	903600
1287	299	2	150	4141.72	621258.58
1288	299	38	42	11509.27	483389.3
1289	299	8	407	3399.24	1383492.2
1290	299	13	85	862.02	73271.53
1291	299	17	493	2551.37	1257826.65
1292	300	16	434	2686.29	1165849.64
1293	300	32	618	11559.48	7143756.91
1294	300	27	934	6507.96	6078437.72
1295	300	13	250	822.09	205522.36
1296	301	33	728	1693.34	1232749.99
1297	301	13	267	888.11	237125.92
1298	301	18	240	8716.16	2091878.47
1299	301	23	167	2421.89	404454.82
1300	301	29	140	4279.25	599095.63
1301	301	31	1002	9102.79	9120991.38
1302	302	3	119	4200	499800
1303	302	7	302	1500	453000
1304	302	10	235	500	117500
1305	302	11	278	800	222400
1306	302	17	478	2800	1338400
1307	303	27	145	6800	986000
1308	303	19	387	2500	967500
1309	303	35	317	4800	1521600
1310	303	13	343	900	308700
1311	304	32	264	12500	3300000
1312	304	5	310	2800	868000
1313	304	6	468	2800	1310400
1314	304	12	598	700	418600
1315	304	17	185	2800	518000
1316	305	1	455	4200	1911000
1317	305	35	102	4800	489600
1318	305	17	94	2800	263200
1319	306	4	150	4200	630000
1320	306	37	579	3500	2026500
1321	306	39	339	9500	3220500
1322	306	15	579	1800	1042200
1323	306	17	353	2800	988400
1324	306	19	678	2500	1695000
1325	306	24	471	3200	1507200
1326	306	26	103	5200	535600
1327	307	2	95	4200	399000
1328	307	5	481	2800	1346800
1329	307	39	517	9500	4911500
1330	307	15	533	1800	959400
1331	307	27	163	6800	1108400
1332	308	1	182	4020.42	731715.58
1333	308	13	51	836.96	42685.02
1334	309	1	370	3941.48	1458348.06
1335	309	2	397	4071.69	1616461.17
1336	309	21	444	2153.24	956037.25
1337	310	1	297	4055.98	1204627.0
1338	310	4	335	3844.53	1287917.44
1339	310	11	419	762.29	319399.79
1340	310	14	434	4280.0	1857518.76
1341	310	16	557	2762.6	1538769.98
1342	310	19	381	2444.98	931538.64
1343	310	21	564	2032.84	1146524.34
1344	311	5	169	2544.54	430026.52
1345	311	6	238	2747.93	654008.44
1346	311	13	481	870.16	418546.95
1347	311	16	195	2572.24	501586.9
1348	311	19	147	2274.56	334360.39
1349	311	28	342	6675.79	2283119.61
1350	312	2	329	3837.01	1262375.27
1351	312	18	589	8818.15	5193889.23
1352	312	4	1034	3949.42	4083699.02
1353	312	6	896	2638.78	2364347.85
1354	313	16	31	2564.23	79491.07
1355	313	32	73	11798.49	861289.66
1356	313	27	322	6300.03	2028609.64
1357	314	32	399	11032.32	4401896.88
1358	314	2	409	3606.15	1474917.16
1359	314	4	63	3904.77	246000.38
1360	314	13	309	774.41	239293.91
1361	315	33	176	1800	316800
1362	315	2	636	4200	2671200
1363	315	37	370	3500	1295000
1364	315	8	112	3500	392000
1365	315	9	316	500	158000
1366	315	12	677	700	473900
1367	315	26	54	5200	280800
1368	316	2	333	3819.31	1271830.56
1369	316	4	234	3987.59	933095.73
1370	316	31	201	9346.37	1878620.25
1371	317	3	700	3648.61	2554023.75
1372	317	35	482	4442.54	2141304.22
1373	317	5	277	2460.24	681487.29
1374	317	18	343	8859.57	3038832.23
1375	317	21	991	2008.27	1990191.12
1376	318	36	514	4356.73	2239357.75
1377	318	37	533	3240.05	1726945.51
1378	318	40	660	7776.82	5132703.13
1379	318	11	845	728.49	615573.26
1380	318	31	794	8985.84	7134757.1
1381	319	18	577	8959.84	5169829.63
1382	319	27	450	6692.15	3011466.54
1383	320	1	584	3945.32	2304064.83
1384	320	3	698	3806.01	2656596.78
1385	320	11	192	749.66	143935.06
1386	320	14	331	4187.09	1385925.94
1387	320	23	60	2356.62	141396.97
1388	320	25	301	3340.35	1005446.53
1389	321	32	194	11443.97	2220129.43
1390	321	1	284	3850.47	1093534.09
1391	321	35	494	4335.71	2141840.36
1392	321	4	74	3800.34	281224.95
1393	321	38	599	10840.19	6493273.45
1394	321	17	441	2731.86	1204749.18
1395	321	22	801	2391.45	1915553.0
1396	322	27	251	6800	1706800
1397	322	33	351	1800	631800
1398	322	26	506	5200	2631200
1399	322	3	305	4200	1281000
1400	323	16	348	2800	974400
1401	323	32	99	12500	1237500
1402	323	27	485	6800	3298000
1403	323	4	141	4200	592200
1404	324	32	281	11347.95	3188774.22
1405	324	24	130	2881.77	374629.52
1406	324	7	192	1445.75	277583.07
1407	325	9	349	451.8	157678.63
1408	325	3	81	4014.55	325178.49
1409	325	29	163	4288.2	698976.29
1410	325	1	252	4026.79	1014751.98
1411	326	18	165	9500	1567500
1412	326	3	212	4200	890400
1413	326	26	308	5200	1601600
1414	326	2	369	4200	1549800
1415	327	16	154	2634.56	405721.76
1416	327	35	132	4726.91	623952.37
1417	328	2	437	4153.06	1814888.86
1418	328	37	407	3395.38	1381921.08
1419	328	11	440	759.62	334233.17
1420	328	17	77	2539.61	195549.7
1421	328	23	95	2291.17	217660.73
1422	328	28	203	6463.91	1312173.64
1423	329	33	307	1738.23	533637.35
1424	329	34	256	3073.88	786912.72
1425	329	14	102	4078.67	416023.99
1426	329	24	256	3041.96	778743.0
1427	329	25	377	3413.34	1286827.33
1428	329	31	186	9649.26	1794762.96
1429	330	1	214	4103.8	878213.29
1430	330	34	113	3038.68	343371.12
1431	330	3	72	3802.79	273800.75
1432	330	36	36	4356.49	156833.5
1433	330	37	289	3357.04	970185.95
1434	330	18	46	9223.69	424289.55
1435	330	19	129	2460.53	317408.98
1436	331	17	191	2645.77	505341.47
1437	331	19	134	2258.2	302598.14
1438	331	4	228	4046.62	922629.29
1439	332	3	157	3795.47	595888.11
1440	332	36	668	4526.12	3023449.64
1441	332	6	1156	2753.59	3183147.64
1442	332	8	1006	3294.25	3314015.23
1443	332	10	275	485.37	133476.55
1444	332	16	188	2637.68	495883.44
1445	332	25	1117	3174.98	3546453.62
1446	333	33	140	1544.75	216264.63
1447	333	3	444	3780.02	1678328.05
1448	333	4	171	3798.04	649465.16
1449	333	35	488	4512.09	2201901.61
1450	333	17	189	2515.47	475423.56
1451	333	19	92	2249.81	206982.21
1452	334	2	517	4091.52	2115317.35
1453	334	9	66	469.73	31002.46
1454	334	19	101	2287.82	231069.52
1455	334	26	345	4846.04	1671884.08
1456	334	28	109	6149.28	670271.46
1457	335	33	92	1800	165600
1458	335	2	798	4200	3351600
1459	335	6	680	2800	1904000
1460	335	14	185	4500	832500
1461	335	15	266	1800	478800
1462	335	17	618	2800	1730400
1463	335	20	860	2500	2150000
1464	336	5	86	2550.66	219356.42
1465	336	11	452	734.1	331814.82
1466	336	13	548	845.18	463161.07
1467	336	20	548	2449.97	1342583.46
1468	336	28	568	6404.47	3637741.4
1469	337	33	44	1640.92	72200.36
1470	337	37	430	3088.86	1328210.96
1471	337	6	461	2489.07	1147459.43
1472	337	11	124	757.44	93922.45
1473	337	15	439	1708.44	750003.52
1474	337	17	581	2393.02	1390343.39
1475	337	18	350	8363.61	2927263.78
1476	338	32	44	11928.23	524842.28
1477	338	29	76	4257.07	323536.95
1478	338	3	31	4125.85	127901.46
1479	338	13	197	866.02	170606.53
1480	339	33	150	1708.76	256313.62
1481	339	25	22	3304.57	72700.56
1482	339	1	193	4103.99	792069.56
1483	340	20	191	2258.79	431429.67
1484	340	38	239	11341.76	2710681.82
1485	341	2	435	4007.38	1743209.98
1486	341	3	652	3816.4	2488294.84
1487	341	36	371	4449.29	1650685.24
1488	341	9	414	467.98	193745.34
1489	341	17	540	2540.12	1371663.65
1490	341	18	940	8652.34	8133202.13
1491	342	3	288	4094.16	1179117.11
1492	342	4	858	3827.08	3283638.89
1493	342	12	741	671.19	497352.37
1494	342	17	93	2579.65	239907.2
1495	342	18	905	9374.69	8484095.13
1496	342	23	772	2258.99	1743941.65
1497	342	26	803	5043.26	4049741.7
1498	342	27	117	6614.24	773866.18
1499	343	32	788	11943.35	9411361.68
1500	343	5	468	2528.71	1183438.13
1501	343	38	660	11583.43	7645065.16
1502	343	12	676	676.58	457364.93
1503	343	14	90	4346.11	391149.65
1504	343	23	692	2401.46	1661807.5
1505	344	1	133	4200	558600
1506	344	2	285	4200	1197000
1507	344	35	273	4800	1310400
1508	344	33	204	1800	367200
1509	345	16	142	2569.13	364815.99
1510	346	25	43	3398.19	146122.38
1511	346	28	260	6426.29	1670834.9
1512	346	6	433	2675.68	1158568.54
1513	346	7	182	1441.55	262361.93
1514	347	10	289	459.02	132658.06
1515	347	1	460	3570.71	1642528.71
1516	347	26	499	4662.82	2326744.76
1517	347	2	122	3960.47	483176.74
1518	348	1	196	4200	823200
1519	348	34	418	3200	1337600
1520	348	2	118	4200	495600
1521	348	5	511	2800	1430800
1522	348	6	474	2800	1327200
1523	348	26	285	5200	1482000
1524	349	34	245	3003.67	735898.34
1525	349	11	126	727.46	91660.4
1526	349	20	84	2454.2	206152.97
1527	350	1	629	3956.41	2488582.12
1528	350	2	746	3809.88	2842167.05
1529	350	34	642	3127.44	2007819.3
1530	350	36	912	4489.23	4094179.63
1531	350	5	601	2684.71	1613511.66
1532	350	4	400	4107.95	1643179.61
1533	350	16	1030	2615.51	2693976.65
1534	350	25	622	3346.34	2081421.72
1535	350	26	684	4722.9	3230464.54
1536	351	1	159	3696.29	587710.69
1537	352	34	179	2966.37	530979.97
1538	352	3	151	4058.79	612877.85
1539	352	2	229	3961.96	907288.81
1540	352	6	666	2624.62	1747998.2
1541	352	25	142	3310.04	470025.56
1542	353	25	201	3235.98	650431.36
1543	353	12	133	648.91	86304.94
1544	353	13	96	834.55	80116.61
1545	354	2	265	3821.8	1012778.21
1546	354	3	310	4039.08	1252113.82
1547	354	35	447	4367.99	1952493.39
1548	354	36	376	4717.95	1773948.06
1549	354	12	146	649.95	94892.66
1550	354	31	611	9554.02	5837508.41
1551	355	19	116	2447.21	283876.55
1552	355	2	910	4053.33	3688531.66
1553	355	26	363	4788.4	1738188.69
1554	355	12	227	663.11	150526.24
1555	356	10	367	453.53	166443.91
1556	356	3	722	3921.78	2831522.15
1557	356	28	122	5794.76	706960.39
1558	356	6	232	2456.58	569926.98
1559	357	17	306	2564.24	784658.24
1560	357	18	494	8741.34	4318223.09
1561	357	28	136	6569.18	893407.98
1562	357	23	238	2312.06	550270.38
1563	358	4	208	4041.54	840640.32
1564	358	9	58	456.28	26464.15
1565	358	13	193	835.18	161189.46
1566	358	17	421	2695.75	1134911.13
1567	358	26	100	4772.31	477230.7
1568	359	18	176	9359.12	1647204.62
1569	359	19	212	2307.03	489091.0
1570	359	4	100	4053.71	405371.24
1571	360	1	330	3884.38	1281845.58
1572	360	4	396	4045.21	1601902.41
1573	360	13	74	847.31	62701.18
1574	360	14	393	4115.54	1617408.89
1575	361	17	450	2627.56	1182403.17
1576	361	2	181	4104.18	742855.82
1577	361	35	69	4743.34	327290.45
1578	362	8	139	3447.48	479199.76
1579	362	11	76	764.93	58134.54
1580	362	32	368	11766.16	4329947.2
1581	362	18	103	8725.97	898775.38
1582	363	1	464	4200	1948800
1583	363	33	673	1800	1211400
1584	363	3	365	4200	1533000
1585	363	9	516	500	258000
1586	363	12	176	700	123200
1587	363	27	836	6800	5684800
1588	363	31	581	9800	5693800
1589	364	3	491	4200	2062200
1590	364	37	496	3500	1736000
1591	364	6	343	2800	960400
1592	364	16	638	2800	1786400
1593	364	26	411	5200	2137200
1594	365	35	370	4602.15	1702796.53
1595	365	4	190	3940.8	748752.06
1596	365	5	437	2632.49	1150399.14
1597	365	7	393	1423.58	559466.09
1598	365	40	348	7810.05	2717897.35
1599	365	14	359	4377.29	1571448.28
1600	365	16	376	2611.5	981925.35
1601	365	21	308	2094.85	645214.49
1602	365	30	308	4835.13	1489220.93
1603	366	33	276	1672.85	461706.36
1604	366	5	54	2525.93	136399.99
1605	366	17	278	2577.64	716584.96
1606	366	27	24	5803.89	139293.43
1607	366	30	70	4466.75	312672.37
1608	367	25	124	3329.53	412861.15
1609	367	10	247	458.92	113354.29
1610	367	19	346	2468.83	854213.91
1611	367	7	39	1451.02	56589.92
1612	368	36	380	4396.24	1670571.33
1613	368	9	120	466.81	56017.1
1614	368	11	602	755.58	454858.68
1615	368	16	414	2713.74	1123487.89
1616	368	17	380	2555.5	971091.15
1617	368	23	347	2474.75	858738.81
1618	369	1	580	3895.36	2259306.48
1619	369	3	340	3867.88	1315080.59
1620	369	6	413	2560.23	1057376.2
1621	369	14	258	4312.48	1112618.63
1622	369	15	222	1779.22	394985.83
1623	369	28	254	6314.83	1603967.73
1624	370	3	681	3862.89	2630630.38
1625	370	36	671	4333.9	2908047.25
1626	370	37	286	3381.59	967133.43
1627	370	22	133	2440.63	324603.49
1628	370	24	538	2881.63	1550316.99
1629	371	3	77	4200	323400
1630	371	4	659	4200	2767800
1631	371	7	251	1500	376500
1632	371	15	283	1800	509400
1633	371	27	526	6800	3576800
1634	372	1	262	3874.06	1015003.44
1635	372	15	225	1631.14	367006.12
1636	372	23	176	2297.58	404373.79
1637	372	28	361	6697.16	2417674.61
1638	372	29	284	4449.57	1263677.05
1639	372	31	388	9015.29	3497933.33
1640	373	1	257	4200	1079400
1641	373	4	437	4200	1835400
1642	373	20	57	2500	142500
1643	374	1	107	4111.93	439976.43
1644	374	2	237	3970.22	940941.14
1645	374	14	140	4144.9	580286.62
1646	374	16	345	2754.98	950468.79
1647	374	19	571	2375.58	1356457.28
1648	374	27	145	6163.09	893648.01
1649	374	31	258	9213.2	2377006.25
1650	375	33	78	1694.46	132167.59
1651	375	19	179	2319.51	415192.15
1652	376	1	191	4103.5	783768.64
1653	376	2	575	3841.17	2208673.37
1654	376	5	106	2538.02	269030.25
1655	376	15	532	1696.0	902273.16
1656	376	28	255	6221.6	1586508.49
1657	377	3	126	4200	529200
1658	377	7	178	1500	267000
1659	378	16	43	2750.36	118265.43
1660	378	32	545	11675.13	6362943.63
1661	378	11	454	737.22	334695.96
1662	378	23	589	2412.91	1421201.84
1663	379	18	117	9304.71	1088650.61
1664	379	2	312	3880.41	1210689.43
1665	379	15	276	1758.82	485433.58
1666	380	1	201	3715.84	746884.46
1667	380	34	468	3023.96	1415213.45
1668	380	36	246	4221.86	1038576.87
1669	380	14	140	3919.28	548699.63
1670	380	16	609	2592.75	1578986.27
1671	380	18	146	8984.0	1311664.73
1672	380	30	407	4460.41	1815388.88
1673	381	32	746	12500	9325000
1674	381	2	960	4200	4032000
1675	381	3	470	4200	1974000
1676	381	7	774	1500	1161000
1677	381	8	283	3500	990500
1678	381	9	864	500	432000
1679	381	13	262	900	235800
1680	381	27	981	6800	6670800
1681	382	6	148	2584.43	382495.54
1682	382	8	330	3324.2	1096987.54
1683	382	10	582	476.7	277439.0
1684	382	15	466	1639.48	763995.95
1685	382	18	317	8564.76	2715028.0
1686	383	8	669	3341.02	2235139.23
1687	383	6	168	2597.25	436337.51
1688	384	17	109	2537.44	276581.25
1689	384	19	115	2360.06	271406.44
1690	384	20	210	2357.25	495022.81
1691	384	14	306	4206.93	1287321.64
1692	385	34	238	3200	761600
1693	385	4	416	4200	1747200
1694	385	37	551	3500	1928500
1695	385	36	642	4800	3081600
1696	385	17	590	2800	1652000
1697	385	21	538	2200	1183600
1698	385	22	91	2500	227500
1699	386	2	58	4200	243600
1700	386	3	200	4200	840000
1701	386	23	350	2500	875000
1702	386	15	394	1800	709200
1703	387	16	730	2800	2044000
1704	387	2	898	4200	3771600
1705	387	3	350	4200	1470000
1706	387	37	394	3500	1379000
1707	388	16	308	2554.06	786649.2
1708	388	26	71	4683.78	332548.12
1709	388	28	389	6598.25	2566718.45
1710	388	6	353	2615.1	923128.72
1711	389	8	248	3205.44	794949.96
1712	389	1	227	3937.25	893755.76
1713	389	2	342	4018.9	1374465.04
1714	389	34	183	2987.08	546635.7
1715	390	32	387	11426.65	4422112.38
1716	390	12	402	607.74	244312.09
1717	390	37	91	3184.74	289811.37
1718	391	32	706	11491.9	8113283.06
1719	391	3	830	4031.25	3345935.69
1720	391	35	520	4416.34	2296497.22
1721	391	7	356	1363.15	485281.6
1722	391	17	791	2764.92	2187054.86
1723	391	19	627	2331.51	1461859.22
1724	391	24	503	3143.44	1581148.02
1725	391	30	576	4590.55	2644156.49
1726	392	18	316	9500	3002000
1727	392	36	200	4800	960000
1728	393	4	891	3854.93	3434739.48
1729	393	12	241	653.95	157603.13
1730	393	6	66	2765.64	182532.41
1731	393	7	150	1376.21	206431.33
1732	394	33	734	1603.88	1177251.27
1733	394	1	309	3818.14	1179804.72
1734	394	37	119	3003.02	357359.38
1735	394	6	369	2491.41	919328.86
1736	394	7	189	1366.02	258178.36
1737	394	17	584	2436.91	1423157.94
1738	394	28	169	6150.65	1039460.62
1739	394	31	534	8615.17	4600498.12
1740	395	16	117	2544.35	297689.02
1741	395	9	101	472.48	47720.97
1742	395	2	345	4068.67	1403691.65
1743	395	15	147	1673.37	245985.02
1744	396	3	616	3875.0	2387000.51
1745	396	10	288	449.44	129438.58
1746	396	13	594	781.17	464013.97
1747	396	17	650	2496.52	1622735.01
1748	396	19	492	2265.31	1114531.69
1749	396	21	656	2023.32	1327299.47
1750	396	25	707	3147.33	2225159.05
1751	396	28	724	6255.97	4529325.75
1752	396	31	118	9153.48	1080111.06
1753	397	32	204	11365.7	2318602.53
1754	397	2	165	3901.78	643793.99
1755	397	14	93	4188.46	389526.79
1756	397	15	153	1697.02	259643.74
1757	397	26	612	4767.72	2917845.08
1758	397	31	624	9355.25	5837677.03
1759	398	3	185	3670.76	679090.97
1760	398	4	71	3623.42	257262.81
1761	398	36	603	4499.84	2713402.16
1762	398	6	256	2613.48	669051.03
1763	398	16	242	2563.91	620465.94
1764	398	18	664	8688.18	5768954.54
1765	398	19	436	2196.64	957737.15
1766	398	27	308	6058.27	1865946.62
1767	398	31	284	9078.16	2578196.02
1768	399	2	739	3662.13	2706315.78
1769	399	3	724	3635.01	2631746.42
1770	399	35	824	4261.09	3511137.59
1771	399	34	995	2922.02	2907412.34
1772	399	16	469	2401.37	1126241.93
1773	399	18	362	8598.91	3112804.78
1774	399	26	916	4875.69	4466128.1
1775	399	30	860	4625.67	3978080.21
1776	400	17	409	2529.75	1034667.33
1777	400	3	292	3860.22	1127185.37
1778	400	20	226	2353.15	531812.3
1779	401	3	353	4200	1482600
1780	401	16	253	2800	708400
1781	401	11	99	800	79200
1782	401	4	450	4200	1890000
1783	402	3	121	4200	508200
1784	402	8	294	3500	1029000
1785	402	13	620	900	558000
1786	402	17	690	2800	1932000
1787	402	30	748	5000	3740000
1788	403	17	183	2701.11	494302.65
1789	404	1	247	4200	1037400
1790	404	12	63	700	44100
1791	404	17	330	2800	924000
1792	404	31	88	9800	862400
1793	405	1	301	4013.27	1207995.46
1794	405	2	671	3847.23	2581489.57
1795	405	16	342	2722.49	931092.2
1796	405	17	753	2570.08	1935268.53
1797	405	18	746	8882.49	6626335.88
1798	405	20	760	2370.99	1801950.78
1799	405	29	390	4051.04	1579904.74
1800	406	2	619	3714.51	2299280.64
1801	406	35	591	4322.03	2554318.26
1802	406	34	619	2807.8	1738027.22
1803	406	6	112	2530.94	283464.87
1804	406	38	886	11175.13	9901162.35
1805	406	8	844	3144.25	2653744.55
1806	406	17	1055	2573.8	2715358.52
1807	406	20	781	2249.25	1756663.27
1808	407	1	46	3962.9	182293.33
1809	407	18	245	9278.2	2273160.05
1810	407	30	143	4522.24	646680.64
1811	407	6	326	2562.25	835292.59
1812	408	32	101	11613.03	1172915.85
1813	408	12	68	638.24	43400.46
1814	408	13	228	885.47	201887.02
1815	408	20	349	2437.16	850569.93
1816	408	23	139	2402.17	333901.36
1817	409	1	833	4020.55	3349121.69
1818	409	2	235	4108.98	965609.7
1819	409	35	201	4748.23	954395.07
1820	409	37	289	3168.9	915812.43
1821	409	9	840	470.2	394966.97
1822	409	19	759	2360.89	1791911.8
1823	409	20	275	2385.96	656139.46
1824	409	23	383	2313.06	885903.58
1825	409	31	94	9436.59	887039.49
1826	410	32	523	12285.46	6425293.43
1827	410	36	1018	4656.55	4740365.13
1828	410	11	265	728.53	193059.47
1829	410	15	76	1733.68	131759.39
1830	410	21	230	2093.77	481568.22
1831	411	34	833	3030.21	2524163.85
1832	411	2	355	4061.74	1441915.93
1833	411	36	442	4528.24	2001480.09
1834	411	17	369	2647.1	976780.55
1835	411	31	855	8950.08	7652316.93
1836	412	32	410	11559.78	4739510.59
1837	412	1	661	4047.39	2675327.54
1838	412	34	318	3060.1	973110.56
1839	412	3	784	3824.84	2998675.31
1840	412	15	882	1686.41	1487414.4
1841	412	26	913	4695.77	4287240.73
1842	412	28	214	6381.72	1365688.68
1843	413	9	36	459.5	16541.86
1844	413	19	511	2438.53	1246090.12
1845	414	26	165	5200	858000
1846	414	13	151	900	135900
1847	415	1	710	4009.38	2846656.57
1848	415	6	749	2762.19	2068883.57
1849	415	8	411	3313.37	1361794.24
1850	415	16	270	2743.66	740788.67
1851	415	19	743	2376.69	1765880.98
1852	415	24	112	3111.58	348496.68
1853	416	2	341	3843.58	1310661.41
1854	416	12	555	644.09	357470.11
1855	416	13	246	794.97	195563.42
1856	416	18	288	8325.36	2397703.47
1857	416	20	65	2234.51	145243.25
1858	417	1	164	4200	688800
1859	417	28	66	6800	448800
1860	418	1	123	3746.07	460766.16
1861	418	3	390	3592.38	1401030.06
1862	418	21	376	2032.87	764360.15
1863	418	15	285	1655.74	471887.19
1864	419	2	1008	3989.34	4021250.29
1865	419	37	490	3355.32	1644108.94
1866	419	12	510	659.78	336486.79
1867	419	13	769	858.9	660493.47
1868	419	19	633	2256.2	1428176.84
1869	419	25	756	3295.13	2491120.26
1870	419	28	769	6359.38	4890365.58
1871	420	1	63	3922.3	247105.15
1872	420	35	141	4197.01	591777.89
1873	420	4	582	3645.45	2121654.27
1874	420	16	48	2593.42	124484.22
1875	420	31	293	8993.83	2635193.27
1876	421	32	224	12500	2800000
1877	421	27	193	6800	1312400
1878	421	19	480	2500	1200000
1879	422	38	785	11418.42	8963461.19
1880	422	11	230	778.69	179097.8
1881	422	14	159	4342.68	690486.65
1882	422	18	730	8970.18	6548234.01
1883	422	22	697	2434.52	1696857.64
1884	422	29	252	4297.33	1082927.94
1885	423	1	164	3870.04	634687.35
1886	423	6	551	2579.44	1421271.55
1887	423	13	321	864.53	277513.69
1888	423	17	259	2661.06	689215.2
1889	423	20	86	2365.63	203443.75
1890	423	24	551	3006.86	1656778.47
1891	424	11	145	800	116000
1892	425	2	169	4200	709800
1893	425	18	292	9500	2774000
1894	425	20	238	2500	595000
1895	426	32	779	12500	9737500
1896	426	1	740	4200	3108000
1897	426	34	350	3200	1120000
1898	426	10	880	500	440000
1899	426	19	1083	2500	2707500
1900	426	22	904	2500	2260000
1901	427	32	985	12500	12312500
1902	427	3	969	4200	4069800
1903	427	6	434	2800	1215200
1904	427	13	1155	900	1039500
1905	427	19	1016	2500	2540000
1906	427	20	1140	2500	2850000
1907	428	1	154	4200	646800
1908	428	3	421	4200	1768200
1909	428	9	108	500	54000
1910	428	12	396	700	277200
1911	428	16	250	2800	700000
1912	428	18	383	9500	3638500
1913	428	22	247	2500	617500
1914	429	24	110	2893.85	318323.43
1915	429	18	66	9171.96	605349.14
1916	429	3	269	3853.59	1036616.58
1917	429	20	170	2402.11	408358.14
1918	430	1	195	4020.78	784051.69
1919	430	6	278	2611.13	725893.35
1920	430	16	200	2565.38	513076.3
1921	430	18	319	9248.02	2950118.06
1922	430	26	212	4689.49	994172.39
1923	431	1	323	4200	1356600
1924	431	2	244	4200	1024800
1925	431	12	102	700	71400
1926	431	19	83	2500	207500
1927	431	29	304	4500	1368000
1928	432	32	113	11895.88	1344234.4
1929	432	3	222	3996.92	887315.34
1930	432	36	235	4327.28	1016909.88
1931	432	15	331	1727.69	571864.4
1932	433	3	355	3782.71	1342860.73
1933	433	12	175	667.72	116850.94
1934	434	35	739	4800	3547200
1935	434	7	654	1500	981000
1936	434	16	98	2800	274400
1937	434	17	444	2800	1243200
1938	434	18	405	9500	3847500
1939	435	16	56	2800	156800
1940	435	20	85	2500	212500
1941	435	31	191	9800	1871800
1942	436	16	71	2765.62	196358.98
1943	436	9	65	479.15	31144.48
1944	436	3	188	4115.94	773796.46
1945	436	4	64	4155.67	265963.03
1946	437	38	151	11791.69	1780545.47
1947	437	13	650	857.61	557447.5
1948	437	29	62	4207.69	260876.67
1949	437	22	102	2255.77	230088.44
1950	438	1	1124	3802.38	4273877.02
1951	438	35	78	4565.93	356142.83
1952	438	5	597	2574.09	1536730.05
1953	438	37	330	3261.62	1076335.16
1954	438	38	314	11161.13	3504593.76
1955	438	11	731	781.23	571076.08
1956	439	2	187	3579.46	669358.24
1957	439	3	546	3757.75	2051734.03
1958	439	37	435	3015.75	1311850.95
1959	439	11	805	704.5	567120.14
1960	439	14	336	3896.96	1309379.75
1961	439	15	557	1634.15	910221.94
1962	439	19	816	2348.1	1916045.75
1963	439	31	242	8777.21	2124084.48
1964	440	2	455	4200	1911000
1965	440	5	497	2800	1391600
1966	440	10	126	500	63000
1967	440	17	107	2800	299600
1968	440	19	319	2500	797500
1969	440	20	413	2500	1032500
1970	440	21	361	2200	794200
1971	441	26	535	4816.98	2577084.93
1972	441	11	685	737.91	505471.5
1973	441	36	255	4494.75	1146162.1
1974	441	15	289	1710.93	494457.73
1975	442	1	500	3814.55	1907274.84
1976	442	34	250	3022.05	755511.75
1977	442	6	91	2646.94	240871.68
1978	443	5	822	2585.47	2125256.35
1979	443	9	247	453.98	112133.28
1980	443	13	361	825.31	297936.4
1981	443	16	862	2694.31	2322495.48
1982	443	25	287	3286.18	943132.32
1983	444	16	102	2395.18	244308.66
1984	444	17	371	2415.61	896191.95
1985	444	26	516	4458.13	2300392.82
1986	444	4	269	3614.1	972193.12
1987	445	34	358	2778.51	994707.72
1988	445	4	194	3682.55	714413.88
1989	445	9	300	429.77	128930.16
1990	445	11	601	741.62	445711.22
1991	445	14	199	4169.9	829810.15
1992	445	19	663	2300.03	1524918.23
1993	445	27	592	6143.19	3636765.67
1994	446	1	219	4127.87	904003.04
1995	446	2	386	4011.44	1548416.82
1996	446	4	658	3944.87	2595725.39
1997	446	37	615	3243.7	1994872.88
1998	446	11	467	778.59	363600.51
1999	446	16	395	2604.97	1028961.31
2000	446	23	577	2333.09	1346191.64
2001	447	17	54	2695.87	145577.23
2002	447	19	371	2274.24	843742.55
2003	447	21	399	2014.24	803681.77
2004	448	32	160	12500	2000000
2005	448	1	577	4200	2423400
2006	448	17	378	2800	1058400
2007	448	7	391	1500	586500
2008	449	32	263	12250.3	3221829.8
2009	449	4	70	4020.84	281458.65
2010	449	36	150	4335.68	650352.72
2011	449	13	243	890.33	216349.57
2012	449	26	170	4976.69	846036.81
2013	450	9	343	493.57	169292.88
2014	450	2	704	4026.41	2834592.3
2015	450	6	783	2694.9	2110103.08
2016	450	31	252	9040.65	2278243.67
2017	451	13	165	830.0	136950.74
2018	451	12	370	680.72	251864.66
2019	451	21	72	2042.89	147088.35
2020	452	34	345	3055.81	1054254.01
2021	452	2	809	4089.64	3308520.71
2022	452	6	113	2757.8	311631.86
2023	452	12	80	652.36	52188.78
2024	452	13	475	860.11	408550.45
2025	452	15	124	1709.42	211968.54
2026	452	16	566	2703.53	1530199.18
2027	452	20	782	2259.23	1766715.72
2028	453	5	963	2572.43	2477252.56
2029	453	6	888	2687.31	2386328.65
2030	453	38	1045	10939.94	11432237.59
2031	453	11	432	721.21	311562.91
2032	453	16	649	2530.98	1642604.88
2033	453	19	380	2396.0	910480.19
2034	453	26	1089	4951.39	5392065.45
2035	454	3	122	3782.84	461505.92
2036	454	4	47	3946.07	185465.32
2037	454	21	104	2066.07	214871.12
2038	455	32	584	11527.31	6731947.61
2039	455	19	592	2273.23	1345750.74
2040	455	18	647	9124.88	5903800.33
2041	455	10	280	492.78	137979.7
2042	456	2	146	4128.15	602709.33
2043	456	19	100	2302.11	230210.64
2044	456	12	113	632.18	71436.63
2045	457	2	104	4200	436800
2046	457	3	603	4200	2532600
2047	457	4	784	4200	3292800
2048	457	11	186	800	148800
2049	457	12	159	700	111300
2050	457	18	350	9500	3325000
2051	457	20	504	2500	1260000
2052	458	1	447	3915.93	1750421.01
2053	458	3	465	3618.55	1682625.35
2054	458	11	412	759.3	312831.37
2055	458	12	237	595.17	141054.27
2056	458	29	555	4120.33	2286782.51
2057	458	30	237	4741.61	1123761.32
2058	459	2	215	4132.01	888382.09
2059	459	27	707	6505.35	4599285.74
2060	459	12	498	668.69	333010.07
2061	459	6	811	2741.75	2223561.97
2062	460	10	435	433.57	188601.83
2063	460	19	336	2185.76	734414.3
2064	460	12	361	663.33	239460.59
2065	460	21	454	2066.89	938366.07
2066	461	1	547	4082.26	2232998.75
2067	461	3	1067	3849.74	4107673.44
2068	461	4	720	4014.07	2890127.01
2069	461	13	259	818.79	212067.72
2070	461	27	72	6644.83	478428.01
2071	462	26	496	5115.8	2537438.34
2072	462	2	58	3830.43	222164.96
2073	462	13	456	835.17	380837.54
2074	463	34	164	3129.6	513254.06
2075	463	9	646	451.25	291509.01
2076	463	16	614	2580.49	1584421.62
2077	463	19	604	2461.18	1486554.16
2078	463	23	651	2455.98	1598843.96
2079	464	3	238	4083.29	971824.12
2080	464	9	175	452.96	79267.49
2081	464	12	523	672.84	351895.66
2082	464	17	186	2717.67	505487.02
2083	464	19	223	2415.95	538757.91
2084	465	2	301	3730.51	1122882.1
2085	465	5	468	2499.63	1169827.09
2086	465	12	320	650.26	208083.51
2087	465	15	72	1632.53	117542.3
2088	465	16	81	2562.89	207594.04
2089	466	1	38	4053.46	154031.61
2090	466	4	86	3836.57	329945.39
2091	466	22	153	2431.91	372082.26
2092	466	15	315	1683.2	530206.94
2093	467	33	1042	1690.17	1761154.12
2094	467	4	873	3891.44	3397229.91
2095	467	5	645	2641.64	1703859.3
2096	467	11	1056	764.1	806889.02
2097	467	13	697	817.34	569686.91
2098	467	15	741	1774.87	1315177.37
2099	467	20	388	2357.54	914726.73
2100	468	40	354	8179.98	2895712.58
2101	468	9	315	480.48	151350.7
2102	468	11	299	766.63	229221.26
2103	468	3	307	3993.72	1226072.55
2104	469	11	254	685.65	174155.85
2105	470	34	428	2891.81	1237695.16
2106	470	3	186	4031.34	749830.05
2107	470	12	254	660.69	167815.2
2108	470	14	508	4139.64	2102938.97
2109	470	16	182	2619.32	476716.61
2110	471	19	509	2207.42	1123575.86
2111	471	18	682	8416.31	5739922.26
2112	471	11	219	716.03	156810.17
2113	471	28	425	5891.73	2503986.04
2114	472	32	38	12500	475000
2115	472	2	108	4200	453600
2116	472	12	343	700	240100
2117	473	2	410	3572.05	1464540.14
2118	473	35	267	4523.47	1207767.13
2119	473	5	198	2592.82	513379.06
2120	473	18	544	8930.37	4858123.66
2121	473	19	544	2195.62	1194414.76
2122	473	27	386	5884.84	2271549.13
2123	473	29	539	3980.95	2145733.5
2124	474	20	201	2416.71	485758.31
2125	474	6	191	2549.59	486972.04
2126	474	22	176	2250.64	396112.38
2127	475	1	120	3801.28	456153.32
2128	475	26	235	5090.31	1196222.55
2129	475	11	207	729.44	150994.49
2130	475	33	27	1781.49	48100.17
2131	476	1	1032	4200	4334400
2132	476	3	864	4200	3628800
2133	476	39	657	9500	6241500
2134	476	16	1116	2800	3124800
2135	476	19	940	2500	2350000
2136	476	20	542	2500	1355000
2137	477	1	158	4200	663600
2138	477	2	557	4200	2339400
2139	477	5	499	2800	1397200
2140	477	15	273	1800	491400
2141	477	20	331	2500	827500
2142	477	21	52	2200	114400
2143	477	28	571	6800	3882800
2144	478	32	162	11732.68	1900694.57
2145	478	2	540	4122.2	2225987.39
2146	478	5	340	2692.09	915310.26
2147	478	21	139	2073.21	288175.87
2148	478	25	260	3443.91	895416.39
2149	479	1	374	3948.85	1476869.01
2150	479	3	184	3971.99	730846.85
2151	479	36	66	4450.21	293713.67
2152	479	9	389	451.8	175751.53
2153	479	14	528	4408.85	2327872.39
2154	479	16	318	2611.95	830598.74
2155	479	19	374	2254.18	843062.26
2156	479	29	107	4276.04	457536.55
2157	480	33	393	1664.02	653960.28
2158	480	13	401	881.03	353292.03
2159	480	7	182	1396.54	254169.87
2160	481	32	41	11545.27	473356.24
2161	481	33	49	1620.14	79386.82
2162	481	3	122	3851.64	469900.0
2163	482	1	214	3843.77	822566.21
2164	482	2	145	3605.1	522738.83
2165	482	3	410	3608.65	1479545.16
2166	482	31	392	9074.0	3557007.99
2167	483	32	393	12500	4912500
2168	483	1	623	4200	2616600
2169	483	2	538	4200	2259600
2170	483	4	112	4200	470400
2171	483	8	178	3500	623000
2172	483	24	248	3200	793600
2173	483	29	168	4500	756000
2174	484	1	275	4058.84	1116181.18
2175	484	34	660	3014.39	1989494.87
2176	484	35	1001	4516.41	4520922.48
2177	484	9	776	491.49	381394.7
2178	484	11	486	769.57	374011.26
2179	484	13	950	844.1	801891.14
2180	484	14	304	4454.79	1354257.68
2181	484	16	885	2721.76	2408755.15
2182	484	17	362	2768.62	1002239.82
2183	485	1	417	4200	1751400
2184	485	3	673	4200	2826600
2185	485	10	690	500	345000
2186	485	13	539	900	485100
2187	485	26	439	5200	2282800
2188	485	29	367	4500	1651500
2189	485	31	289	9800	2832200
2190	486	33	72	1800	129600
2191	486	2	165	4200	693000
2192	486	19	446	2500	1115000
2193	486	7	227	1500	340500
2194	487	32	364	11906.18	4333848.66
2195	487	1	126	3873.19	488022.34
2196	487	2	703	3847.08	2704495.23
2197	487	16	248	2722.43	675161.84
2198	487	20	222	2390.16	530616.32
2199	487	27	592	6383.94	3779291.97
2200	488	22	129	2328.02	300314.16
2201	489	32	245	11305.98	2769963.92
2202	489	33	330	1592.56	525544.72
2203	489	1	321	3683.09	1182271.3
2204	489	37	148	3098.74	458614.1
2205	489	38	223	10315.4	2300334.83
2206	489	10	312	442.57	138080.39
2207	489	22	223	2350.25	524105.4
2208	490	35	309	4530.37	1399883.93
2209	490	4	202	4150.08	838315.29
2210	490	5	266	2743.45	729757.85
2211	490	38	101	11260.85	1137345.51
2212	490	29	428	4082.53	1747321.68
2213	491	9	91	467.98	42586.36
2214	492	11	390	691.49	269682.75
2215	492	26	410	4653.71	1908019.15
2216	492	3	233	3600.69	838960.15
2217	492	12	490	596.07	292074.46
2218	493	3	457	3937.57	1799469.44
2219	493	5	221	2534.03	560020.84
2220	493	18	327	9069.85	2965841.18
2221	493	25	119	3228.73	384218.59
2222	493	29	252	4270.73	1076222.71
2223	494	25	658	3392.04	2231959.5
2224	494	28	104	6319.48	657226.01
2225	494	22	875	2412.06	2110549.15
2226	495	3	527	3781.07	1992624.65
2227	495	8	515	2980.42	1534918.21
2228	495	11	304	684.06	207953.78
2229	495	13	602	800.5	481901.02
2230	495	20	539	2297.02	1238092.33
2231	495	24	813	2789.43	2267803.95
2232	495	26	688	4638.23	3191099.35
2233	496	13	223	842.9	187966.58
2234	496	27	356	6158.58	2192455.48
2235	496	5	183	2617.7	479039.11
2236	496	6	340	2532.72	861125.1
2237	497	35	785	4800	3768000
2238	497	3	815	4200	3423000
2239	497	11	315	800	252000
2240	497	14	286	4500	1287000
2241	497	20	168	2500	420000
2242	497	30	462	5000	2310000
2243	497	31	631	9800	6183800
2244	498	17	36	2682.25	96560.9
2245	498	30	109	4883.63	532315.19
2246	499	9	356	452.61	161130.84
2247	499	2	197	3786.69	745978.87
2248	499	20	267	2359.84	630077.59
2249	500	1	413	3980.43	1643918.08
2250	500	2	362	3989.58	1444227.31
2251	501	3	154	4200	646800
2252	501	4	859	4200	3607800
2253	501	5	418	2800	1170400
2254	501	7	435	1500	652500
2255	501	27	573	6800	3896400
2256	502	34	282	2880.23	812224.94
2257	502	35	233	4493.83	1047062.27
2258	502	9	592	458.4	271370.17
2259	502	17	358	2662.55	953192.41
2260	502	18	766	9299.86	7123693.78
2261	502	21	326	2149.46	700723.43
2262	502	24	92	3132.59	288198.65
2263	502	26	668	4746.04	3170353.59
2264	503	15	500	1611.37	805685.03
2265	503	4	485	3877.21	1880444.99
2266	503	31	646	8870.05	5730051.61
2267	504	17	44	2595.57	114205.14
2268	504	1	304	4011.22	1219410.9
2269	505	18	58	9500	551000
2270	505	3	353	4200	1482600
2271	506	2	829	4200	3481800
2272	506	7	661	1500	991500
2273	506	10	216	500	108000
2274	506	12	895	700	626500
2275	506	16	342	2800	957600
2276	506	17	438	2800	1226400
2277	506	18	276	9500	2622000
2278	506	30	330	5000	1650000
2279	507	2	300	4068.84	1220652.63
2280	507	5	223	2724.59	607583.03
2281	507	11	383	746.67	285975.3
2282	507	16	179	2631.0	470948.59
2283	507	19	247	2306.09	569603.97
2284	507	21	378	2000.64	756243.16
2285	507	27	315	6279.9	1978167.49
2286	508	2	467	4040.38	1886859.23
2287	508	5	255	2631.48	671027.96
2288	509	32	397	11495.07	4563542.73
2289	509	3	79	3715.51	293525.02
2290	509	37	97	3201.52	310546.98
2291	509	17	256	2597.28	664904.7
2292	509	18	421	8366.71	3522385.19
2293	509	26	825	4521.39	3730147.84
2294	510	4	56	4200	235200
2295	510	13	212	900	190800
2296	510	36	212	4800	1017600
2297	510	15	117	1800	210600
2298	511	11	390	699.41	272771.58
2299	511	12	184	636.91	117191.35
2300	511	16	140	2524.81	353473.88
2301	511	17	274	2403.21	658478.94
2302	511	20	386	2218.78	856450.29
2303	512	1	469	3840.97	1801412.9
2304	512	2	285	4133.19	1177960.38
2305	512	4	493	4098.36	2020491.01
2306	512	5	325	2520.66	819214.2
2307	512	12	501	632.6	316931.74
2308	512	16	530	2566.51	1360249.08
2309	512	20	236	2293.57	541283.39
2310	513	8	788	3463.22	2729014.86
2311	513	32	757	12035.41	9110802.34
2312	513	21	375	2094.38	785393.47
2313	513	7	727	1472.83	1070747.55
2314	514	2	355	4200	1491000
2315	514	37	406	3500	1421000
2316	514	10	504	500	252000
2317	514	17	54	2800	151200
2318	514	30	453	5000	2265000
2319	515	2	939	3644.26	3421963.7
2320	515	35	83	4354.5	361423.16
2321	515	10	255	431.57	110050.06
2322	515	16	115	2618.65	301145.3
2323	515	21	792	1931.18	1529496.5
2324	515	22	108	2134.42	230517.25
2325	515	27	907	6143.24	5571922.09
2326	515	31	121	9186.73	1111594.7
2327	516	1	616	4040.69	2489064.1
2328	516	20	526	2398.58	1261652.85
2329	516	6	183	2716.31	497085.26
2330	516	7	79	1442.84	113983.98
2331	517	9	98	466.02	45669.57
2332	517	2	13	3974.21	51664.73
2333	517	3	134	4155.9	556890.23
2334	518	1	527	3643.7	1920229.75
2335	518	13	326	815.62	265891.47
2336	518	33	322	1673.02	538711.38
2337	519	33	113	1800	203400
2338	519	13	299	900	269100
2339	519	17	260	2800	728000
2340	520	8	368	3500	1288000
2341	520	12	716	700	501200
2342	520	13	552	900	496800
2343	520	14	566	4500	2547000
2344	520	28	996	6800	6772800
2345	521	2	134	4150.27	556136.72
2346	521	36	398	4641.41	1847280.77
2347	521	4	93	4155.23	386436.66
2348	521	5	315	2717.97	856159.01
2349	521	8	134	3288.33	440635.89
2350	521	10	208	483.89	100648.96
2351	522	2	421	4200	1768200
2352	522	35	170	4800	816000
2353	522	6	433	2800	1212400
2354	522	9	430	500	215000
2355	522	14	216	4500	972000
2356	522	16	167	2800	467600
2357	522	17	157	2800	439600
2358	523	10	157	500	78500
2359	523	2	206	4200	865200
2360	524	5	617	2800	1727600
2361	524	6	868	2800	2430400
2362	524	11	923	800	738400
2363	524	21	1063	2200	2338600
2364	524	29	430	4500	1935000
2365	524	31	383	9800	3753400
2366	525	1	571	4200	2398200
2367	525	35	370	4800	1776000
2368	525	3	610	4200	2562000
2369	525	11	389	800	311200
2370	525	14	422	4500	1899000
2371	525	29	149	4500	670500
2372	526	1	427	4200	1793400
2373	526	2	285	4200	1197000
2374	526	4	384	4200	1612800
2375	526	14	246	4500	1107000
2376	526	31	47	9800	460600
2377	527	13	262	778.69	204015.65
2378	527	6	199	2504.76	498447.08
2379	528	16	149	2460.37	366595.07
2380	528	22	18	2196.73	39541.17
2381	529	1	57	3903.74	222513.28
2382	529	10	596	460.48	274448.89
2383	530	33	1027	1678.31	1723628.78
2384	530	6	863	2485.06	2144605.02
2385	530	9	602	465.98	280522.35
2386	530	27	409	6124.41	2504885.67
2387	530	31	312	8548.96	2667275.15
2388	531	34	148	2810.96	416021.45
2389	531	19	362	2315.36	838159.28
2390	531	20	349	2278.63	795242.76
2391	531	5	615	2384.27	1466327.68
2392	532	1	122	3918.28	478029.74
2393	532	6	375	2535.62	950858.84
2394	532	16	238	2702.41	643173.92
2395	532	17	125	2617.95	327244.21
2396	532	22	160	2382.16	381145.62
2397	532	23	413	2421.61	1000123.67
2398	533	1	365	4200	1533000
2399	533	3	88	4200	369600
2400	533	4	176	4200	739200
2401	533	7	398	1500	597000
2402	534	37	328	3408.25	1117905.78
2403	534	6	457	2589.89	1183580.87
2404	534	12	233	686.97	160063.37
2405	534	25	202	3419.83	690805.66
2406	534	26	159	4756.13	756224.28
2407	534	28	82	6258.07	513161.39
2408	534	29	250	4358.33	1089583.04
2409	535	9	157	464.35	72902.5
2410	535	10	48	482.56	23163.09
2411	535	1	219	4004.22	876924.19
2412	536	3	173	4200	726600
2413	536	36	338	4800	1622400
2414	536	6	103	2800	288400
2415	536	8	314	3500	1099000
2416	536	19	103	2500	257500
2417	537	32	524	12365.67	6479611.34
2418	537	2	118	4141.42	488687.07
2419	537	35	108	4486.32	484522.16
2420	537	7	509	1378.88	701852.06
2421	537	13	544	837.02	455339.51
2422	538	9	130	500	65000
2423	538	17	137	2800	383600
2424	539	32	785	12500	9812500
2425	539	3	1166	4200	4897200
2426	539	37	1023	3500	3580500
2427	539	12	1150	700	805000
2428	539	15	944	1800	1699200
2429	539	30	1055	5000	5275000
2430	540	1	605	4149.55	2510475.7
2431	540	33	366	1741.54	637403.11
2432	540	5	309	2588.0	799691.56
2433	540	12	280	646.82	181108.34
2434	540	14	424	4180.74	1772633.36
2435	540	19	181	2336.76	422953.57
2436	540	21	436	2099.02	915172.32
2437	540	27	399	6654.23	2655039.2
2438	541	2	818	3637.49	2975468.29
2439	541	3	961	3679.01	3535528.05
2440	541	10	460	467.8	215187.32
2441	541	16	890	2592.23	2307084.04
2442	541	27	460	6279.43	2888539.5
2443	541	31	898	9224.22	8283350.36
2444	542	1	214	3995.28	854990.99
2445	542	4	113	3867.68	437047.32
2446	542	16	135	2635.57	355802.23
2447	542	19	514	2461.16	1265037.13
2448	542	22	848	2278.29	1931987.41
2449	542	23	531	2450.12	1301014.27
2450	543	33	183	1614.55	295462.15
2451	543	26	203	4531.48	919891.24
2452	543	6	65	2639.44	171563.83
2453	544	32	619	12298.36	7612686.99
2454	544	1	320	4078.96	1305266.79
2455	544	3	541	3978.1	2152151.36
2456	544	36	804	4455.91	3582550.49
2457	544	38	1053	10948.93	11529222.75
2458	544	7	128	1394.19	178455.98
2459	544	18	776	9174.49	7119402.82
2460	544	19	1018	2401.72	2444954.65
2461	544	28	704	6156.12	4333907.26
2462	545	5	315	2564.58	807842.81
2463	545	40	631	7813.2	4930128.71
2464	545	9	536	457.29	245105.5
2465	545	12	487	634.17	308839.97
2466	545	19	333	2349.26	782303.41
2467	545	23	424	2286.17	969334.54
2468	546	24	133	2746.46	365279.21
2469	546	26	168	4928.54	827994.81
2470	546	11	154	686.14	105666.15
2471	547	9	547	488.31	267104.26
2472	547	11	678	748.7	507616.06
2473	547	14	52	4182.49	217489.53
2474	547	15	199	1726.42	343557.54
2475	547	24	641	3096.36	1984766.37
2476	548	33	485	1777.84	862250.07
2477	548	1	242	3854.74	932846.17
2478	548	3	261	3794.29	990309.66
2479	548	4	541	3990.44	2158829.28
2480	548	8	155	3438.75	533006.71
2481	548	16	236	2625.22	619552.59
2482	548	19	721	2265.58	1633483.35
2483	548	20	503	2473.85	1244347.34
2484	549	1	450	4124.59	1856065.13
2485	549	5	708	2771.39	1962147.19
2486	549	8	87	3448.72	300039.07
2487	549	11	286	774.06	221381.01
2488	549	12	603	670.25	404158.16
2489	549	15	474	1712.79	811862.5
2490	549	18	866	8946.67	7747812.96
2491	549	24	755	2895.45	2186064.34
2492	550	32	94	12500	1175000
2493	550	36	690	4800	3312000
2494	550	12	149	700	104300
2495	550	31	305	9800	2989000
2496	551	20	32	2301.16	73637.02
2497	551	5	106	2536.77	268897.9
2498	551	22	114	2471.46	281746.62
2499	552	1	397	4109.12	1631321.89
2500	552	36	201	4478.58	900194.8
2501	552	5	426	2595.46	1105664.41
2502	552	20	208	2401.48	499508.14
2503	552	22	60	2417.33	145039.88
2504	553	1	817	4150.57	3391019.16
2505	553	2	157	4013.03	630046.04
2506	554	17	33	2599.23	85774.46
2507	554	18	227	9156.78	2078589.08
2508	554	11	48	738.34	35440.17
2509	554	20	376	2454.83	923014.21
2510	555	25	422	3172.46	1338777.24
2511	555	18	220	9017.92	1983942.73
2512	555	3	147	3957.24	581713.74
2513	555	37	318	3324.29	1057125.43
2514	556	32	359	12248.04	4397045.07
2515	556	18	117	8553.71	1000784.53
2516	556	7	295	1407.19	415121.93
2517	557	1	356	3824.29	1361447.16
2518	557	2	477	3780.36	1803230.99
2519	557	36	149	4389.22	653994.38
2520	557	5	213	2427.83	517127.06
2521	557	6	313	2456.44	768864.6
2522	557	17	199	2419.01	481383.69
2523	557	28	281	5882.42	1652958.95
2524	558	33	287	1702.19	488527.35
2525	558	19	177	2283.28	404140.78
2526	559	2	394	4055.19	1597746.51
2527	559	4	46	4125.64	189779.31
2528	559	23	554	2405.37	1332573.66
2529	559	31	563	9649.22	5432509.71
2530	560	34	453	3200	1449600
2531	560	4	485	4200	2037000
2532	560	5	446	2800	1248800
2533	560	6	148	2800	414400
2534	560	37	120	3500	420000
2535	560	9	418	500	209000
2536	560	31	127	9800	1244600
2537	561	32	602	11685.66	7034769.37
2538	561	4	153	3813.24	583425.93
2539	561	37	387	3391.63	1312560.27
2540	561	7	92	1416.87	130352.43
2541	561	13	61	884.47	53952.84
2542	561	17	516	2573.32	1327832.75
2543	561	26	135	4923.84	664718.39
2544	562	1	445	3832.74	1705569.86
2545	562	3	166	4155.06	689740.03
2546	562	9	160	490.63	78500.38
2547	562	19	111	2389.51	265235.16
2548	562	28	834	6499.9	5420914.4
2549	563	17	342	2440.65	834702.19
2550	563	19	172	2230.07	383571.38
2551	563	12	196	662.92	129931.86
2552	564	21	94	1928.97	181322.96
2553	565	2	502	4057.99	2037109.96
2554	565	9	191	465.65	88939.18
2555	565	12	653	667.98	436191.94
2556	565	20	479	2366.91	1133750.93
2557	565	31	426	9110.88	3881235.55
2558	566	32	739	12500	9237500
2559	566	3	428	4200	1797600
2560	566	39	680	9500	6460000
2561	566	18	481	9500	4569500
2562	566	28	856	6800	5820800
2563	567	34	55	2920.27	160615.07
2564	567	6	241	2568.46	618997.68
2565	567	7	482	1427.69	688148.85
2566	567	10	86	460.63	39614.28
2567	567	19	478	2251.22	1076083.24
2568	567	21	217	2080.26	451416.26
2569	568	8	243	3390.64	823925.4
2570	569	1	199	4200	835800
2571	569	2	410	4200	1722000
2572	569	35	443	4800	2126400
2573	569	4	340	4200	1428000
2574	569	10	427	500	213500
2575	569	14	407	4500	1831500
2576	569	26	446	5200	2319200
2577	570	3	964	4002.83	3858729.85
2578	570	17	368	2623.67	965510.56
2579	570	26	340	5031.65	1710760.39
2580	570	11	624	775.26	483761.24
2581	571	2	710	3588.4	2547766.35
2582	571	38	792	11059.82	8759376.75
2583	571	12	317	606.65	192307.66
2584	571	16	369	2400.91	885935.01
2585	571	27	252	6061.37	1527466.45
2586	572	33	280	1752.8	490782.78
2587	572	5	308	2618.14	806386.31
2588	572	38	209	11560.81	2416209.24
2589	572	28	99	6639.79	657339.43
2590	572	31	291	9577.24	2786975.95
2591	573	16	39	2570.17	100236.47
2592	573	2	282	3807.4	1073686.25
2593	573	11	325	716.55	232878.94
2594	574	1	468	3940.04	1843938.09
2595	574	2	295	3954.38	1166541.78
2596	574	6	81	2524.38	204475.06
2597	574	13	317	815.55	258527.85
2598	574	20	369	2448.3	903424.01
2599	574	22	354	2466.29	873067.11
2600	575	19	147	2440.56	358762.71
2601	575	35	84	4596.03	386066.89
2602	575	3	38	3995.7	151836.76
2603	575	14	19	4352.85	82704.2
2604	576	32	141	12042.87	1698044.06
2605	576	1	153	3834.32	586650.24
2606	576	34	400	3013.88	1205551.95
2607	576	2	408	3807.87	1553609.89
2608	576	8	234	3390.29	793327.03
2609	576	11	206	762.28	157030.52
2610	576	17	218	2771.32	604148.05
2611	576	28	493	6494.9	3201986.35
2612	577	2	552	4015.78	2216708.8
2613	577	34	366	3026.36	1107647.16
2614	577	4	973	4047.43	3938150.96
2615	577	7	1015	1370.3	1390850.02
2616	577	14	918	4214.76	3869147.78
2617	577	16	504	2624.86	1322930.66
2618	577	17	580	2663.94	1545085.43
2619	578	9	123	500	61500
2620	578	18	328	9500	3116000
2621	578	19	227	2500	567500
2622	578	1	318	4200	1335600
2623	579	32	364	12500	4550000
2624	579	1	569	4200	2389800
2625	579	36	482	4800	2313600
2626	579	18	87	9500	826500
2627	579	19	277	2500	692500
2628	579	25	348	3500	1218000
2629	579	26	220	5200	1144000
2630	579	27	159	6800	1081200
2631	579	31	312	9800	3057600
2632	580	3	205	3894.94	798462.98
2633	580	13	49	858.55	42068.99
2634	580	20	245	2467.33	604495.15
2635	580	23	548	2417.09	1324562.8
2636	580	24	419	3016.15	1263768.76
2637	580	25	62	3277.67	203215.32
2638	581	2	636	4058.87	2581442.21
2639	581	4	93	3840.01	357121.33
2640	581	7	276	1418.75	391574.22
2641	581	19	57	2320.41	132263.31
2642	581	22	443	2446.7	1083888.82
2643	581	25	328	3450.96	1131916.35
2644	582	33	241	1669.02	402233.78
2645	582	3	192	4058.64	779259.72
2646	582	17	424	2687.63	1139554.42
2647	582	9	347	456.33	158345.84
2648	583	4	876	4157.39	3641875.45
2649	583	5	705	2602.58	1834819.62
2650	583	8	929	3300.66	3066317.32
2651	583	11	758	720.61	546221.77
2652	583	19	784	2408.81	1888504.19
2653	583	26	718	4943.74	3549603.59
2654	583	29	514	4133.18	2124455.82
2655	583	31	725	9662.93	7005623.05
2656	584	2	237	4200	995400
2657	584	4	915	4200	3843000
2658	584	10	286	500	143000
2659	584	13	132	900	118800
2660	584	26	608	5200	3161600
2661	585	4	319	3884.09	1239025.37
2662	585	11	425	786.46	334246.33
2663	585	28	206	6289.68	1295674.13
2664	585	12	218	662.46	144416.12
2665	586	32	821	11673.53	9583966.69
2666	586	3	727	3815.85	2774121.69
2667	586	6	157	2690.45	422399.96
2668	586	7	588	1387.28	815721.52
2669	586	38	815	11472.82	9350349.12
2670	586	16	296	2566.17	759585.74
2671	586	22	133	2341.93	311476.87
2672	586	23	192	2316.43	444755.37
2673	587	33	345	1639.37	565582.71
2674	587	2	144	3726.4	536602.13
2675	587	1	144	3931.71	566166.91
2676	587	17	340	2417.93	822097.21
2677	587	20	319	2266.68	723070.04
2678	587	26	340	4738.91	1611228.31
2679	587	31	630	8431.2	5311655.27
2680	588	27	728	6679.71	4862831.46
2681	588	4	598	3802.42	2273846.99
2682	588	13	723	817.22	590851.77
2683	588	15	140	1681.36	235390.96
2684	589	18	49	8803.68	431380.19
2685	589	14	189	4152.54	784829.19
2686	589	7	68	1431.67	97353.6
2687	590	17	210	2572.84	540295.89
2688	590	36	26	4385.37	114019.62
2689	591	1	549	3592.47	1972266.49
2690	591	34	611	2883.14	1761596.85
2691	591	2	488	3821.58	1864933.36
2692	591	14	700	4202.14	2941495.22
2693	591	16	502	2444.74	1227260.26
2694	592	32	1000	11676.33	11676333.7
2695	592	3	215	3856.9	829233.27
2696	592	9	653	482.85	315298.75
2697	592	12	876	670.81	587633.08
2698	592	18	923	9076.82	8377901.52
2699	592	27	653	6281.03	4101512.66
2700	592	28	846	6265.72	5300799.68
2701	593	17	155	2708.84	419870.19
2702	593	13	100	875.31	87531.24
2703	593	9	298	475.0	141550.06
2704	594	1	130	3959.53	514738.58
2705	594	5	470	2455.94	1154291.99
2706	594	7	82	1359.42	111472.55
2707	594	22	444	2197.37	975634.02
2708	594	31	272	9150.72	2488995.81
2709	595	17	123	2568.95	315980.37
2710	595	36	42	4736.71	198941.68
2711	595	20	167	2374.62	396562.1
2712	595	31	130	9533.72	1239383.09
2713	596	19	240	2253.15	540756.08
2714	596	15	408	1780.88	726598.99
2715	597	1	111	3809.66	422872.38
2716	597	2	259	3956.75	1024797.86
2717	597	11	464	752.61	349211.34
2718	597	16	336	2641.34	887491.56
2719	597	22	454	2183.27	991206.67
2720	598	16	501	2613.6	1309412.16
2721	598	24	84	2886.86	242496.23
2722	598	28	297	6549.72	1945265.74
2723	598	13	467	868.26	405479.42
2724	599	20	895	2212.07	1979803.3
2725	599	25	180	3017.23	543101.13
2726	599	27	573	5805.51	3326554.62
2727	599	29	730	3945.85	2880473.79
2728	599	30	880	4521.76	3979150.31
2729	599	31	392	9277.09	3636619.37
2730	600	3	109	3865.84	421376.8
2731	600	35	729	4381.17	3193873.25
2732	600	4	144	3965.56	571040.36
2733	600	7	274	1385.62	379660.35
2734	600	40	149	8362.48	1246009.5
2735	600	10	394	464.88	183161.48
2736	600	13	684	868.7	594191.61
2737	601	2	589	3966.25	2336119.85
2738	601	3	261	4140.58	1080692.1
2739	601	4	715	4041.81	2889894.66
2740	601	6	111	2752.99	305581.68
2741	601	15	120	1623.38	194805.31
2742	602	32	168	11880.18	1995870.36
2743	602	4	199	3902.88	776672.42
2744	602	7	30	1457.36	43720.79
2745	602	11	166	729.36	121074.3
2746	602	20	116	2257.87	261913.1
2747	603	33	448	1606.58	719745.84
2748	603	8	267	3128.98	835437.98
2749	603	9	229	442.32	101290.43
2750	603	15	448	1681.5	753310.92
2751	603	25	410	3024.68	1240119.8
2752	603	30	86	4542.69	390671.67
2753	604	2	355	4080.54	1448591.85
2754	604	34	830	2944.05	2443564.43
2755	604	36	581	4495.77	2612041.95
2756	604	28	634	6606.13	4188283.26
2757	604	31	90	9271.08	834397.3
2758	605	2	86	3951.42	339821.85
2759	605	7	831	1376.23	1143644.62
2760	605	9	351	480.94	168809.98
2761	605	12	193	688.86	132949.07
2762	605	15	774	1726.67	1336445.11
2763	605	26	258	5089.25	1313026.56
2764	605	28	164	6177.5	1013109.62
2765	605	29	666	4400.01	2930408.21
2766	605	30	444	4780.06	2122347.86
2767	606	1	363	3833.98	1391733.28
2768	606	4	249	4105.9	1022370.01
2769	606	7	259	1372.46	355466.81
2770	606	9	291	456.55	132855.36
2771	606	19	356	2360.13	840207.08
2772	607	1	104	3807.99	396030.78
2773	607	3	216	4030.42	870570.23
2774	607	4	84	4022.8	337915.17
2775	607	38	168	11216.03	1884293.06
2776	608	33	127	1620.22	205767.91
2777	608	3	722	3952.08	2853402.2
2778	608	38	358	11125.81	3983040.72
2779	608	6	624	2686.42	1676326.35
2780	608	11	624	773.74	482814.38
2781	608	13	201	814.9	163795.37
2782	608	17	457	2559.1	1169507.19
2783	609	1	15	3944.55	59168.31
2784	609	12	61	655.9	40009.72
2785	610	32	257	12274.76	3154613.74
2786	610	1	501	3819.9	1913770.04
2787	610	35	105	4463.24	468640.47
2788	610	7	84	1392.54	116973.51
2789	610	16	172	2687.65	462275.68
2790	610	19	71	2445.71	173645.18
2791	610	25	442	3164.36	1398648.49
2792	611	34	44	3076.21	135353.12
2793	612	32	311	11793.31	3667720.08
2794	612	2	379	3860.95	1463300.87
2795	612	4	387	3826.81	1480973.97
2796	612	6	1078	2765.12	2980802.31
2797	612	16	167	2717.61	453840.62
2798	612	21	98	2109.84	206764.26
2799	613	2	500	3948.88	1974441.7
2800	613	40	110	7989.68	878864.75
2801	613	8	215	3220.08	692316.53
2802	613	11	686	789.17	541368.96
2803	613	13	360	812.22	292400.29
2804	613	18	738	8895.22	6564673.5
2805	613	26	209	5060.48	1057640.48
2806	613	28	564	6285.07	3544779.73
2807	614	9	563	452.96	255017.33
2808	614	4	868	4074.41	3536590.21
2809	614	33	601	1673.09	1005526.81
2810	615	32	841	11843.98	9960790.3
2811	615	35	561	4708.16	2641277.25
2812	615	36	626	4521.37	2830377.91
2813	615	10	332	463.44	153862.75
2814	615	11	476	773.79	368321.67
2815	615	26	567	4988.3	2828365.66
2816	615	30	189	4611.65	871601.5
2817	616	14	151	4059.18	612936.75
2818	617	35	203	4599.29	933655.13
2819	617	5	600	2594.25	1556548.83
2820	617	6	314	2665.61	837001.29
2821	617	11	310	728.29	225770.87
2822	617	20	474	2354.08	1115835.01
2823	618	3	567	3788.56	2148110.97
2824	618	10	907	481.7	436898.97
2825	618	11	340	768.54	261301.92
2826	618	19	1043	2414.17	2517978.52
2827	618	27	90	6529.29	587636.4
2828	619	1	418	4134.64	1728280.46
2829	619	35	220	4638.16	1020396.15
2830	619	4	401	3841.38	1540393.24
2831	619	5	262	2540.82	665695.41
2832	619	11	47	791.4	37195.57
2833	619	13	147	888.26	130574.66
2834	619	18	418	8657.53	3618847.78
2835	620	1	510	3929.56	2004074.97
2836	620	2	456	3962.37	1806841.17
2837	620	3	1021	4005.15	4089261.31
2838	620	23	85	2354.83	200160.52
2839	621	1	400	3761.06	1504425.84
2840	621	11	265	682.66	180905.97
2841	621	15	65	1651.74	107362.89
2842	621	33	358	1705.61	610607.92
2843	622	1	195	3965.6	773292.4
2844	622	33	760	1623.14	1233584.07
2845	622	3	242	4026.01	974294.25
2846	622	4	902	3997.03	3605320.69
2847	622	25	276	3179.36	877502.42
2848	623	16	154	2800	431200
2849	623	26	166	5200	863200
2850	623	3	141	4200	592200
2851	623	13	70	900	63000
2852	624	32	84	12500	1050000
2853	625	5	89	2628.6	233945.18
2854	625	13	475	885.54	420631.67
2855	625	16	549	2725.8	1496466.82
2856	625	20	211	2427.89	512284.3
2857	625	25	575	3276.94	1884238.12
2858	626	32	50	12312.44	615622.03
2859	626	11	35	789.04	27616.24
2860	627	37	689	3500	2411500
2861	627	12	158	700	110600
2862	627	16	113	2800	316400
2863	627	22	158	2500	395000
2864	627	27	354	6800	2407200
2865	628	1	681	3884.64	2645440.37
2866	628	11	750	765.49	574119.3
2867	628	31	267	9221.14	2462043.96
2868	629	33	398	1769.98	704451.94
2869	629	21	157	2059.72	323375.96
2870	629	14	195	4406.67	859301.17
2871	630	12	317	643.82	204091.15
2872	631	1	878	3828.35	3361293.18
2873	631	27	577	6162.44	3555725.57
2874	631	20	1016	2257.75	2293871.25
2875	631	17	1124	2678.52	3010656.61
2876	632	16	102	2800	285600
2877	632	2	116	4200	487200
2878	632	3	247	4200	1037400
2879	632	37	597	3500	2089500
2880	633	16	581	2713.36	1576462.01
2881	633	17	192	2586.53	496613.85
2882	633	11	410	737.46	302357.49
2883	633	12	100	653.73	65372.68
2884	634	21	289	2049.42	592281.1
2885	635	1	289	4042.89	1168396.39
2886	635	5	270	2665.81	719767.67
2887	635	12	210	653.01	137132.66
2888	635	28	359	6692.81	2402717.59
2889	635	31	398	9050.38	3602049.69
2890	636	1	105	4200	441000
2891	636	6	83	2800	232400
2892	636	15	218	1800	392400
2893	636	16	399	2800	1117200
2894	636	20	996	2500	2490000
2895	636	21	935	2200	2057000
2896	637	24	159	2991.99	475727.09
2897	637	1	275	3926.33	1079740.08
2898	637	3	237	3826.01	906763.96
2899	638	16	147	2615.09	384418.01
2900	638	1	189	4073.84	769955.89
2901	638	20	551	2406.35	1325898.54
2902	638	7	185	1372.76	253960.91
2903	639	24	746	3125.56	2331670.92
2904	639	19	615	2351.82	1446370.7
2905	639	11	278	740.6	205886.37
2906	639	22	378	2418.47	914182.99
2907	640	1	323	3805.85	1229289.29
2908	640	2	462	4043.88	1868273.63
2909	640	4	71	4001.49	284106.0
2910	640	17	298	2632.62	784520.89
2911	640	18	683	9184.74	6273178.61
2912	640	19	472	2388.55	1127396.13
2913	640	20	267	2414.47	644664.64
2914	640	21	560	2037.41	1140947.32
2915	641	2	324	3858.64	1250199.27
2916	641	19	317	2245.51	711827.12
2917	641	20	290	2324.19	674014.85
2918	642	32	46	12500	575000
2919	642	3	391	4200	1642200
2920	642	6	299	2800	837200
2921	642	39	566	9500	5377000
2922	642	8	313	3500	1095500
2923	642	9	428	500	214000
2924	642	13	511	900	459900
2925	642	16	428	2800	1198400
2926	642	26	557	5200	2896400
2927	643	1	588	3981.32	2341013.26
2928	643	5	430	2619.66	1126455.02
2929	643	9	492	457.65	225163.56
2930	643	12	483	635.58	306985.77
2931	643	16	401	2382.44	955360.07
2932	643	19	626	2151.04	1346551.22
2933	643	28	645	6215.11	4008744.91
2934	644	2	598	3834.71	2293156.22
2935	644	3	835	4156.53	3470705.97
2936	644	6	105	2560.67	268869.94
2937	644	9	684	476.48	325909.62
2938	644	22	269	2301.41	619078.62
2939	644	23	315	2390.58	753031.45
2940	644	25	355	3418.05	1213408.55
2941	644	26	546	5008.18	2734464.07
2942	645	1	725	3945.24	2860301.34
2943	645	34	332	3009.07	999010.5
2944	645	3	756	3785.88	2862124.14
2945	645	9	241	476.57	114853.93
2946	645	16	710	2755.38	1956317.2
2947	645	19	1111	2264.12	2515439.73
2948	646	1	155	4019.44	623013.61
2949	646	4	134	4124.94	552742.5
2950	646	5	81	2583.6	209271.76
2951	646	14	307	4405.58	1352511.93
2952	646	28	74	6204.74	459150.76
2953	647	27	101	6319.07	638225.72
2954	647	12	163	630.54	102778.46
2955	648	34	118	2929.28	345654.82
2956	648	4	446	3804.41	1696765.12
2957	648	15	286	1727.59	494091.58
2958	648	21	354	2037.58	721302.91
2959	648	31	38	8913.01	338694.51
2960	649	31	158	8858.92	1399709.99
2961	649	4	209	4059.9	848518.26
2962	649	29	37	4436.47	164149.32
2963	649	23	347	2260.27	784312.27
2964	650	17	230	2722.49	626172.09
2965	650	20	95	2286.18	217187.26
2966	650	22	78	2391.76	186557.05
2967	650	15	518	1733.02	897704.44
2968	651	4	1034	4110.4	4250151.18
2969	651	37	510	3311.21	1688718.19
2970	651	6	111	2693.34	298960.96
2971	651	36	510	4743.14	2419001.26
2972	651	10	482	470.89	226967.3
2973	651	15	657	1712.04	1124813.36
2974	651	16	83	2587.8	214787.43
2975	651	17	622	2591.11	1611672.37
2976	652	1	169	3796.63	641629.82
2977	652	13	258	825.73	213037.34
2978	652	20	1099	2445.0	2687056.32
2979	652	22	509	2322.86	1182333.8
2980	652	29	213	4135.86	880937.79
2981	652	31	1055	8897.31	9386661.36
2982	653	35	533	4443.39	2368328.02
2983	653	37	200	3151.37	630274.04
2984	653	7	341	1450.03	494458.76
2985	653	19	196	2293.12	449451.1
2986	653	26	218	4717.45	1028404.87
2987	653	27	442	6158.43	2722026.14
2988	654	34	456	2952.43	1346309.46
2989	654	36	542	4387.98	2378284.91
2990	654	5	275	2701.85	743009.25
2991	654	6	1045	2682.82	2803544.66
2992	654	12	125	671.6	83950.56
2993	654	14	951	4376.46	4162016.59
2994	654	16	149	2643.36	393861.35
2995	654	20	809	2302.06	1862370.33
2996	654	28	691	6479.8	4477539.28
2997	655	8	56	3311.47	185442.34
2998	655	10	553	455.24	251747.97
2999	655	11	505	763.87	385754.03
3000	655	7	505	1378.73	696259.03
3001	656	32	230	11342.26	2608720.62
3002	656	29	124	4440.9	550671.52
3003	656	30	369	4560.01	1682644.78
3004	657	1	143	3887.8	555955.38
3005	657	26	746	5021.32	3745904.35
3006	657	13	222	827.01	183595.28
3007	657	7	237	1430.26	338971.35
3008	658	2	506	3742.98	1893947.64
3009	658	13	221	846.54	187085.08
3010	658	14	266	3909.81	1040010.72
3011	659	16	204	2726.24	556152.08
3012	659	35	536	4583.12	2456550.03
3013	659	4	76	3986.07	302941.26
3014	659	7	321	1472.54	472685.54
3015	660	2	129	3950.49	509612.63
3016	660	35	46	4563.44	209918.19
3017	660	36	93	4660.55	433431.37
3018	660	12	74	681.93	50463.15
3019	661	3	46	4200	193200
3020	661	14	159	4500	715500
3021	661	23	157	2500	392500
3022	662	1	191	3883.57	741761.84
3023	662	8	28	3344.03	93632.7
3024	662	14	280	4109.34	1150615.11
3025	662	15	100	1636.48	163648.21
3026	662	21	278	2140.93	595177.75
3027	663	32	604	11949.54	7217523.72
3028	663	5	767	2669.2	2047277.33
3029	663	9	500	458.14	229070.57
3030	663	11	435	741.9	322726.83
3031	663	13	805	830.95	668915.99
3032	663	14	321	4196.64	1347120.99
3033	663	19	680	2314.81	1574070.03
3034	664	34	288	3025.47	871334.36
3035	664	35	302	4474.01	1351152.42
3036	664	4	59	3981.16	234888.73
3037	664	38	312	10939.59	3413151.02
3038	664	17	451	2630.62	1186408.66
3039	665	1	1097	4200	4607400
3040	665	13	504	900	453600
3041	665	19	804	2500	2010000
3042	665	21	1031	2200	2268200
3043	665	25	95	3500	332500
3044	665	26	877	5200	4560400
3045	665	30	1075	5000	5375000
3046	666	3	297	3824.74	1135947.97
3047	666	15	225	1703.32	383247.97
3048	666	18	980	8293.02	8127157.5
3049	666	19	907	2146.31	1946704.38
3050	666	26	987	4540.01	4480994.21
3051	667	2	375	3835.76	1438408.47
3052	667	37	408	3222.78	1314893.45
3053	667	13	342	838.82	286877.92
3054	667	18	276	9300.35	2566896.37
3055	667	29	46	4284.74	197098.02
3056	668	32	561	12500	7012500
3057	668	33	605	1800	1089000
3058	668	34	243	3200	777600
3059	668	13	636	900	572400
3060	668	17	490	2800	1372000
3061	669	33	554	1800	997200
3062	669	2	491	4200	2062200
3063	669	7	540	1500	810000
3064	669	16	221	2800	618800
3065	669	29	332	4500	1494000
3066	670	1	1003	3824.66	3836132.34
3067	670	34	633	3114.21	1971297.55
3068	670	37	263	3312.45	871175.22
3069	670	18	540	9286.77	5014854.31
3070	670	19	384	2435.08	935069.75
3071	670	22	633	2260.03	1430600.23
3072	670	25	669	3179.13	2126837.91
3073	670	26	85	5107.74	434157.76
3074	670	29	811	4415.54	3580999.8
3075	671	3	238	3998.43	951625.37
3076	671	4	302	3801.29	1147988.29
3077	671	38	215	11318.38	2433450.82
3078	672	2	554	4200	2326800
3079	672	3	577	4200	2423400
3080	672	4	375	4200	1575000
3081	672	34	681	3200	2179200
3082	672	39	277	9500	2631500
3083	672	7	225	1500	337500
3084	672	10	450	500	225000
3085	672	16	531	2800	1486800
3086	672	18	300	9500	2850000
3087	673	32	388	11354.48	4405536.79
3088	673	2	274	4022.03	1102036.03
3089	673	5	342	2576.93	881308.83
3090	674	1	136	4200	571200
3091	674	19	77	2500	192500
3092	674	9	186	500	93000
3093	675	16	212	2679.72	568099.68
3094	675	13	610	843.59	514591.46
3095	675	4	631	3941.85	2487304.92
3096	675	12	575	634.03	364569.29
3097	676	29	111	4150.4	460694.92
3098	676	20	286	2460.77	703780.82
3099	676	5	524	2755.06	1443650.57
3100	676	15	720	1773.05	1276594.03
3101	677	11	198	748.61	148225.27
3102	677	34	174	3156.35	549204.83
3103	677	27	70	6654.16	465791.12
3104	677	6	152	2611.25	396910.06
3105	678	3	481	4200	2020200
3106	678	10	446	500	223000
3107	678	16	117	2800	327600
3108	678	18	176	9500	1672000
3109	678	21	256	2200	563200
3110	678	28	152	6800	1033600
3111	679	2	317	3860.25	1223700.57
3112	679	12	354	635.8	225072.68
3113	679	17	544	2681.78	1458889.35
3114	679	19	317	2259.3	716199.33
3115	679	29	695	4452.48	3094470.82
3116	680	17	308	2381.66	733552.51
3117	680	13	46	854.21	39293.47
3118	680	31	100	8597.04	859703.79
3119	681	18	471	8198.22	3861359.9
3120	681	3	95	3983.2	378403.56
3121	681	20	307	2163.72	664261.22
3122	681	4	79	3909.42	308844.55
3123	682	2	288	3764.63	1084212.86
3124	682	3	501	3782.36	1894964.03
3125	682	4	288	3976.36	1145193.02
3126	682	12	560	637.55	357027.88
3127	682	17	363	2447.59	888475.31
3128	682	19	426	2337.15	995627.7
3129	683	2	213	3728.92	794259.9
3130	683	4	318	3776.14	1200811.35
3131	683	37	85	3245.46	275864.31
3132	683	12	222	598.17	132794.79
3133	683	17	47	2602.49	122317.12
3134	683	30	171	4573.18	782014.52
3135	683	31	267	9030.04	2411019.93
3136	684	16	318	2800	890400
3137	684	34	60	3200	192000
3138	684	21	80	2200	176000
3139	685	11	108	695.74	75140.23
3140	685	31	69	9139.71	630640.32
3141	686	1	375	3821.56	1433083.41
3142	686	2	284	4113.56	1168250.36
3143	686	4	389	3896.2	1515622.11
3144	686	10	308	473.95	145976.56
3145	686	27	369	6617.75	2441949.53
3146	687	35	125	4800	600000
3147	687	31	92	9800	901600
3148	688	1	356	4102.43	1460464.77
3149	688	10	385	493.88	190141.91
3150	688	19	191	2289.76	437343.4
3151	688	23	404	2292.21	926053.85
3152	688	30	102	4732.92	482757.6
3153	689	12	37	700	25900
3154	689	4	313	4200	1314600
3155	689	7	242	1500	363000
3156	690	32	364	12264.42	4464250.41
3157	690	9	562	457.8	257281.33
3158	690	5	166	2710.86	450002.82
3159	690	15	475	1655.95	786578.61
3160	691	1	581	4200	2440200
3161	691	4	605	4200	2541000
3162	691	13	611	900	549900
3163	691	14	425	4500	1912500
3164	692	36	246	4152.86	1021603.99
3165	692	9	399	455.95	181924.15
3166	692	11	432	732.03	316237.04
3167	692	19	838	2208.55	1850762.56
3168	692	27	579	6090.8	3526575.34
3169	692	28	246	6118.77	1505216.26
3170	693	25	46	3158.92	145310.21
3171	693	12	301	663.5	199714.88
3172	694	3	460	3877.81	1783792.87
3173	694	4	442	3883.91	1716689.49
3174	694	35	132	4347.34	573848.55
3175	694	14	477	4265.39	2034592.94
3176	694	15	517	1640.77	848280.23
3177	694	18	252	8146.34	2052877.85
3178	694	26	163	4929.38	803489.73
3179	695	34	261	2907.19	758776.18
3180	695	3	626	4053.73	2537635.78
3181	695	37	457	3315.59	1515225.12
3182	695	10	77	475.86	36641.51
3183	695	15	77	1670.22	128606.88
3184	695	19	251	2315.06	581081.04
3185	695	21	616	2078.53	1280371.49
3186	695	27	739	6721.65	4967296.81
3187	696	2	269	3963.95	1066301.65
3188	696	3	265	3767.93	998502.06
3189	696	12	55	622.66	34246.46
3190	696	23	178	2340.01	416521.97
3191	696	26	58	4812.29	279112.65
3192	697	25	227	3417.97	775879.99
3193	697	10	34	453.71	15426.3
3194	698	2	419	4148.41	1738182.56
3195	698	4	446	3969.35	1770329.89
3196	698	36	303	4684.19	1419308.86
3197	698	11	259	788.88	204318.85
3198	698	20	744	2319.39	1725629.2
3199	698	26	115	4923.73	566229.44
3200	698	31	182	8852.31	1611121.13
3201	699	3	425	3607.25	1533083.0
3202	699	39	109	8952.52	975824.8
3203	699	11	686	720.34	494151.22
3204	699	12	96	617.06	59237.45
3205	699	19	1023	2260.64	2312636.04
3206	699	26	947	4445.44	4209834.71
3207	699	29	267	4104.01	1095771.66
3208	700	33	159	1721.25	273678.83
3209	700	6	278	2621.23	728702.23
3210	700	10	282	455.06	128326.58
3211	700	27	249	6430.58	1601214.62
3212	700	30	97	4654.47	451483.91
3213	701	18	560	2000	1120000
3214	701	21	788	2500	1970000
\.


--
-- Data for Name: django_admin_log; Type: TABLE DATA; Schema: public; Owner: david
--

COPY public.django_admin_log (id, action_time, object_id, object_repr, action_flag, change_message, content_type_id, user_id) FROM stdin;
\.


--
-- Data for Name: django_content_type; Type: TABLE DATA; Schema: public; Owner: david
--

COPY public.django_content_type (id, app_label, model) FROM stdin;
1	admin	logentry
2	auth	group
3	auth	permission
4	auth	user
5	contenttypes	contenttype
6	sessions	session
\.


--
-- Data for Name: django_migrations; Type: TABLE DATA; Schema: public; Owner: david
--

COPY public.django_migrations (id, app, name, applied) FROM stdin;
1	contenttypes	0001_initial	2026-07-08 00:31:16.927032-05
2	auth	0001_initial	2026-07-08 00:31:17.013885-05
3	admin	0001_initial	2026-07-08 00:31:17.044653-05
4	admin	0002_logentry_remove_auto_add	2026-07-08 00:31:17.057081-05
5	admin	0003_logentry_add_action_flag_choices	2026-07-08 00:31:17.071216-05
6	contenttypes	0002_remove_content_type_name	2026-07-08 00:31:17.097166-05
7	auth	0002_alter_permission_name_max_length	2026-07-08 00:31:17.116559-05
8	auth	0003_alter_user_email_max_length	2026-07-08 00:31:17.127123-05
9	auth	0004_alter_user_username_opts	2026-07-08 00:31:17.135004-05
10	auth	0005_alter_user_last_login_null	2026-07-08 00:31:17.145681-05
11	auth	0006_require_contenttypes_0002	2026-07-08 00:31:17.148173-05
12	auth	0007_alter_validators_add_error_messages	2026-07-08 00:31:17.155737-05
13	auth	0008_alter_user_username_max_length	2026-07-08 00:31:17.172307-05
14	auth	0009_alter_user_last_name_max_length	2026-07-08 00:31:17.183004-05
15	auth	0010_alter_group_name_max_length	2026-07-08 00:31:17.198153-05
16	auth	0011_update_proxy_permissions	2026-07-08 00:31:17.209125-05
17	auth	0012_alter_user_first_name_max_length	2026-07-08 00:31:17.21974-05
18	sessions	0001_initial	2026-07-08 00:31:17.229476-05
\.


--
-- Data for Name: django_session; Type: TABLE DATA; Schema: public; Owner: david
--

COPY public.django_session (session_key, session_data, expire_date) FROM stdin;
\.


--
-- Data for Name: empleado; Type: TABLE DATA; Schema: public; Owner: david
--

COPY public.empleado (id_empleado, cedula, nombre_empleado, apellido_empleado, numero_telefonico, email_corporativo, fecha_ingreso, id_cargo, id_tipo_contrato, id_planta) FROM stdin;
1	36870622	Camila	Salazar Cruz	3165449672	camila.salazar1@colombina.com.co	2020-12-23	15	4	3
2	51544307	Marcela	Parra Morales	3186540484	marcela.parra2@colombina.com.co	2020-10-28	13	1	5
3	65285684	Natalia	Rios Morales	3106862712	natalia.rios3@colombina.com.co	2022-01-19	1	4	6
4	56344898	Mauricio	Rojas Ortiz	3136460694	mauricio.rojas4@colombina.com.co	2019-10-15	6	1	3
5	12606616	Ricardo	Martinez Vargas	3149483236	ricardo.martinez5@colombina.com.co	2018-07-31	11	2	4
6	72312477	Mauricio	Vargas Castillo	3153283453	mauricio.vargas6@colombina.com.co	2017-04-11	7	3	1
7	72406010	Daniela	Ortiz Ortiz	3123214758	daniela.ortiz7@colombina.com.co	2018-09-21	9	1	1
8	41633139	Carlos	Flores Ruiz	3154834346	carlos.flores8@colombina.com.co	2015-11-30	2	1	5
9	80289629	Luisa	Jimenez Cardenas	3167960946	luisa.jimenez9@colombina.com.co	2017-04-03	2	1	1
10	39351588	Adriana	Sanchez Ospina	3137519608	adriana.sanchez10@colombina.com.co	2016-12-22	1	1	2
11	95017134	David	Rios Rojas	3112988949	david.rios11@colombina.com.co	2017-07-29	1	1	5
12	75504936	Santiago	Gomez Castillo	3193769412	santiago.gomez12@colombina.com.co	2016-10-25	8	1	4
13	34136517	Sebastian	Sanchez Mora	3186280453	sebastian.sanchez13@colombina.com.co	2015-01-02	1	1	1
14	37897885	Sebastian	Morales Salazar	3138733884	sebastian.morales14@colombina.com.co	2017-02-01	2	4	3
15	70227906	Juliana	Nunez Salazar	3163244399	juliana.nunez15@colombina.com.co	2017-05-08	3	1	7
16	26005471	Hernando	Vega Garcia	3151049045	hernando.vega16@colombina.com.co	2017-07-02	8	1	1
17	16704420	Claudia	Ospina Mora	3166570744	claudia.ospina17@colombina.com.co	2015-02-13	6	1	5
18	19061304	Luis	Sanchez Alvarez	3123935238	luis.sanchez18@colombina.com.co	2015-04-14	20	1	3
19	76026805	Hernando	Vega Alvarez	3196475109	hernando.vega19@colombina.com.co	2016-10-17	1	1	2
20	17298702	Camila	Cano Sanchez	3161439905	camila.cano20@colombina.com.co	2018-01-24	2	2	4
21	24502841	Ricardo	Arango Salazar	3162722954	ricardo.arango21@colombina.com.co	2021-09-16	2	2	4
22	26699762	Luis	Garcia Cano	3137339147	luis.garcia22@colombina.com.co	2021-01-01	5	2	1
23	89382791	Daniel	Medina Herrera	3158548375	daniel.medina23@colombina.com.co	2022-02-24	3	5	2
24	41949004	Adriana	Parra Vargas	3154806800	adriana.parra24@colombina.com.co	2019-09-22	2	1	5
25	43851513	Oscar	Rios Lopez	3164514781	oscar.rios25@colombina.com.co	2017-12-12	1	3	2
26	77809383	Claudia	Torres Perez	3138777144	claudia.torres26@colombina.com.co	2021-10-24	2	3	3
27	58960582	Gloria	Gomez Cardenas	3107293250	gloria.gomez27@colombina.com.co	2022-10-18	11	1	1
28	20218655	Luisa	Reyes Diaz	3195265835	luisa.reyes28@colombina.com.co	2015-05-15	2	3	3
29	73389539	Ivan	Rivera Diaz	3142163159	ivan.rivera29@colombina.com.co	2020-03-07	7	1	1
30	88383304	Patricia	Sanchez Vargas	3133757501	patricia.sanchez30@colombina.com.co	2018-04-25	1	4	2
31	54102561	Felipe	Ortiz Mendoza	3154956701	felipe.ortiz31@colombina.com.co	2015-03-24	3	1	4
32	39260353	Camila	Cano Jimenez	3183214309	camila.cano32@colombina.com.co	2022-11-18	6	1	1
33	95636129	Luis	Jimenez Rodriguez	3192838029	luis.jimenez33@colombina.com.co	2019-10-02	1	2	1
34	49078195	Catalina	Vega Guerrero	3178514622	catalina.vega34@colombina.com.co	2021-03-12	9	1	1
35	75262927	Andrea	Silva Cano	3153652838	andrea.silva35@colombina.com.co	2015-09-22	6	1	1
36	93382681	Oscar	Vega Reyes	3103367323	oscar.vega36@colombina.com.co	2023-03-31	1	1	7
37	38227277	Juan	Cardenas Vega	3189427314	juan.cardenas37@colombina.com.co	2022-07-26	1	3	5
38	49372190	Adriana	Cruz Ospina	3191937359	adriana.cruz38@colombina.com.co	2022-08-04	12	2	3
39	54172103	Eduardo	Reyes Jimenez	3103349708	eduardo.reyes39@colombina.com.co	2021-12-24	6	1	2
40	12043769	Natalia	Lopez Guerrero	3196302193	natalia.lopez40@colombina.com.co	2018-07-14	2	2	4
41	95699525	Miguel	Sanchez Cardenas	3147598685	miguel.sanchez41@colombina.com.co	2015-08-09	9	1	1
42	65689491	Maria	Ruiz Silva	3133094761	maria.ruiz42@colombina.com.co	2018-11-04	2	1	6
43	25579473	Carolina	Diaz Torres	3187860588	carolina.diaz43@colombina.com.co	2020-07-21	5	4	1
44	45970148	Oscar	Parra Gonzalez	3117202457	oscar.parra44@colombina.com.co	2022-01-17	3	1	2
45	46799533	Luisa	Salazar Cardenas	3167294930	luisa.salazar45@colombina.com.co	2020-08-12	19	1	1
46	30348709	Santiago	Alvarez Rivera	3131246187	santiago.alvarez46@colombina.com.co	2015-03-05	1	1	1
47	20190800	Luis	Parra Herrera	3121695929	luis.parra47@colombina.com.co	2017-10-22	5	1	4
48	11720396	Diego	Silva Jimenez	3199521427	diego.silva48@colombina.com.co	2021-01-11	8	5	2
49	83376409	Felipe	Guerrero Herrera	3108724736	felipe.guerrero49@colombina.com.co	2017-09-19	1	1	1
50	71714101	Alejandra	Salazar Ramirez	3112440266	alejandra.salazar50@colombina.com.co	2017-07-28	1	1	5
51	73216893	Juliana	Diaz Vargas	3162314644	juliana.diaz51@colombina.com.co	2022-05-01	5	5	2
52	36294095	Natalia	Castillo Silva	3129051192	natalia.castillo52@colombina.com.co	2015-03-23	1	1	3
53	61748371	Ivan	Nunez Rivera	3168462738	ivan.nunez53@colombina.com.co	2021-05-31	12	1	4
54	25784507	Luisa	Flores Reyes	3152364770	luisa.flores54@colombina.com.co	2018-11-21	7	1	1
55	72426354	Oscar	Sanchez Nunez	3197873402	oscar.sanchez55@colombina.com.co	2023-03-31	5	1	4
56	33221336	Luisa	Parra Castillo	3137943515	luisa.parra56@colombina.com.co	2015-04-22	12	2	2
57	46751514	Eduardo	Rivera Arango	3134683780	eduardo.rivera57@colombina.com.co	2021-05-16	6	2	5
58	71679843	Catalina	Parra Perez	3186041259	catalina.parra58@colombina.com.co	2018-10-12	1	4	3
59	78979107	Eduardo	Ruiz Alvarez	3113444716	eduardo.ruiz59@colombina.com.co	2020-06-02	4	1	2
60	21148079	Alejandra	Flores Diaz	3181538051	alejandra.flores60@colombina.com.co	2021-08-22	9	1	5
61	63502246	Miguel	Perez Jimenez	3129979460	miguel.perez61@colombina.com.co	2018-08-05	18	4	2
62	42332969	Andrea	Gomez Ruiz	3168556610	andrea.gomez62@colombina.com.co	2015-11-20	13	1	1
63	16096734	Gloria	Rivera Morales	3113351641	gloria.rivera63@colombina.com.co	2022-02-10	1	1	1
64	84918616	Mauricio	Rodriguez Sanchez	3139631497	mauricio.rodriguez64@colombina.com.co	2020-02-29	1	1	2
65	20387708	Daniela	Herrera Rodriguez	3188494578	daniela.herrera65@colombina.com.co	2019-02-27	6	1	3
66	31951948	Juan	Medina Ramirez	3137103153	juan.medina66@colombina.com.co	2020-12-03	1	1	7
67	34728221	Felipe	Rojas Gonzalez	3131430379	felipe.rojas67@colombina.com.co	2018-05-13	7	3	4
68	38926014	Camilo	Ortiz Mendoza	3102001394	camilo.ortiz68@colombina.com.co	2018-01-26	2	2	5
69	21290703	Carlos	Arango Vargas	3185043664	carlos.arango69@colombina.com.co	2020-07-12	5	2	1
70	70533991	Laura	Mora Martinez	3166355923	laura.mora70@colombina.com.co	2019-11-23	1	1	2
71	88944034	Natalia	Sanchez Mora	3159343323	natalia.sanchez71@colombina.com.co	2017-07-26	8	1	5
72	61596228	Catalina	Torres Lopez	3127055277	catalina.torres72@colombina.com.co	2021-09-23	2	3	6
73	74522098	Natalia	Cruz Garcia	3158293173	natalia.cruz73@colombina.com.co	2019-09-22	1	1	2
74	79673913	Camilo	Lopez Diaz	3135038375	camilo.lopez74@colombina.com.co	2020-08-31	7	2	1
75	75639552	Diego	Rodriguez Ramirez	3106238138	diego.rodriguez75@colombina.com.co	2018-03-26	8	1	7
76	86659878	Daniel	Ramirez Castillo	3162202062	daniel.ramirez76@colombina.com.co	2015-08-17	1	1	1
77	87000364	Monica	Perez Sanchez	3169455242	monica.perez77@colombina.com.co	2021-10-09	5	2	3
78	28986134	Gabriel	Rojas Parra	3137379268	gabriel.rojas78@colombina.com.co	2016-12-21	13	2	1
79	77140606	Ricardo	Lopez Medina	3147606229	ricardo.lopez79@colombina.com.co	2023-02-01	5	1	6
80	11809451	David	Ospina Lopez	3146438717	david.ospina80@colombina.com.co	2016-06-13	5	1	1
81	46065635	Adriana	Diaz Nunez	3138485805	adriana.diaz81@colombina.com.co	2017-05-05	12	3	1
82	10996205	Diego	Nunez Lopez	3165048513	diego.nunez82@colombina.com.co	2017-01-11	7	2	3
83	32881227	Laura	Ruiz Martinez	3198833048	laura.ruiz83@colombina.com.co	2018-12-18	5	2	1
84	19945784	Andres	Nunez Reyes	3156563917	andres.nunez84@colombina.com.co	2019-10-11	3	3	4
85	57066970	Eduardo	Cardenas Gonzalez	3169167063	eduardo.cardenas85@colombina.com.co	2016-01-13	8	2	2
86	70632629	Laura	Perez Martinez	3197266713	laura.perez86@colombina.com.co	2020-05-20	1	1	1
87	99011815	Hernando	Ortiz Parra	3132732191	hernando.ortiz87@colombina.com.co	2015-05-20	1	4	1
88	17022172	Hernando	Rodriguez Arango	3135660060	hernando.rodriguez88@colombina.com.co	2018-02-02	4	2	1
89	42108436	Andrea	Reyes Silva	3177925295	andrea.reyes89@colombina.com.co	2022-08-19	1	3	1
90	32840224	Valentina	Ruiz Rodriguez	3124026411	valentina.ruiz90@colombina.com.co	2016-12-14	3	1	1
91	13689081	Maria	Sanchez Ruiz	3161966638	maria.sanchez91@colombina.com.co	2018-12-09	2	1	5
92	11669862	Camilo	Mendoza Flores	3126042975	camilo.mendoza92@colombina.com.co	2020-10-18	5	4	6
93	42855345	Luisa	Parra Jimenez	3122319785	luisa.parra93@colombina.com.co	2020-12-10	2	2	2
94	15802819	Diego	Cruz Vega	3167413322	diego.cruz94@colombina.com.co	2018-08-10	2	1	2
95	83482075	Laura	Ortiz Mora	3196693581	laura.ortiz95@colombina.com.co	2020-01-11	15	1	3
96	25804440	Daniela	Ruiz Guerrero	3164590801	daniela.ruiz96@colombina.com.co	2022-10-11	20	1	1
97	30706169	Mauricio	Silva Morales	3194099698	mauricio.silva97@colombina.com.co	2023-04-24	8	1	2
98	38467147	Natalia	Garcia Vega	3106886960	natalia.garcia98@colombina.com.co	2017-03-15	2	1	1
99	62619539	Andrea	Mora Vega	3103504610	andrea.mora99@colombina.com.co	2017-10-03	5	1	4
100	56305820	Eduardo	Lopez Salazar	3145695519	eduardo.lopez100@colombina.com.co	2016-12-03	3	3	1
\.


--
-- Data for Name: empresa; Type: TABLE DATA; Schema: public; Owner: david
--

COPY public.empresa (id_empresa, nombre_empresa, nit) FROM stdin;
1	Colombina S.A.	860002534-1
\.


--
-- Data for Name: inventario; Type: TABLE DATA; Schema: public; Owner: david
--

COPY public.inventario (id_inventario, id_planta, id_prod, cantidad_disponible, stock_minimo, fecha_actualizacion, demanda_diaria) FROM stdin;
2	1	2	1467	323	2024-12-15 08:16:00	65
3	1	3	1088	313	2024-11-15 14:26:00	63
4	1	4	1344	314	2024-12-19 08:47:00	63
5	1	5	218	55	2024-12-15 05:02:00	11
6	1	6	762	209	2024-11-25 23:52:00	42
8	1	8	656	145	2024-11-22 07:47:00	29
9	1	9	368	86	2024-12-15 20:36:00	17
10	1	10	657	118	2024-11-12 23:53:00	24
11	1	11	732	151	2024-11-15 09:58:00	30
12	1	12	306	88	2024-12-16 02:41:00	18
13	1	13	203	31	2024-11-25 11:06:00	6
15	1	15	354	78	2024-11-24 18:26:00	16
16	1	33	376	82	2024-11-10 21:41:00	16
17	1	34	150	41	2024-12-02 22:51:00	8
18	1	38	119	22	2024-11-15 07:17:00	4
19	1	39	263	54	2024-11-18 10:20:00	11
20	1	40	155	46	2024-12-01 03:52:00	9
22	2	17	598	115	2024-12-13 22:29:00	23
23	2	18	243	46	2024-11-03 17:09:00	9
24	2	19	777	144	2024-11-08 09:31:00	29
25	2	20	193	35	2024-12-07 09:17:00	7
26	2	21	620	167	2024-12-07 14:48:00	33
27	2	33	482	116	2024-12-08 01:25:00	23
29	3	26	608	171	2024-12-17 20:50:00	34
30	3	27	450	111	2024-12-31 19:08:00	22
31	3	28	409	116	2024-11-14 14:51:00	23
32	3	29	531	145	2024-11-25 22:28:00	29
33	3	30	162	25	2024-12-13 18:50:00	5
34	4	22	180	40	2024-12-19 16:57:00	8
36	4	24	389	98	2024-11-21 23:48:00	20
37	4	25	373	111	2024-11-14 04:44:00	22
38	5	22	209	56	2024-12-26 00:55:00	11
39	5	23	238	69	2024-12-01 09:01:00	14
40	5	24	220	51	2024-12-02 00:12:00	10
41	5	25	144	34	2024-12-24 16:31:00	7
43	6	2	1254	190	2024-11-21 16:44:00	38
44	6	3	657	197	2024-12-19 15:03:00	39
45	6	4	1234	256	2024-11-12 07:15:00	51
46	6	5	542	136	2024-12-14 00:36:00	27
47	6	6	682	119	2024-12-22 21:14:00	24
48	6	7	677	103	2024-11-14 01:50:00	21
50	6	9	342	97	2024-12-01 08:08:00	19
51	6	10	219	50	2024-12-15 15:51:00	10
52	6	11	926	164	2024-11-21 07:24:00	33
53	6	12	352	99	2024-12-26 22:10:00	20
54	6	13	308	84	2024-12-12 23:14:00	17
55	6	14	268	56	2024-12-04 02:04:00	11
57	6	16	391	77	2024-12-05 08:15:00	15
58	6	17	750	138	2024-11-08 14:06:00	28
59	6	18	237	49	2024-11-27 05:57:00	10
60	6	19	671	108	2024-11-19 19:12:00	22
61	6	20	899	180	2024-12-27 19:34:00	36
62	6	21	687	164	2024-12-03 08:12:00	33
64	6	39	212	41	2024-12-13 19:36:00	8
65	6	40	95	17	2024-12-06 15:20:00	3
66	7	1	1572	246	2024-12-20 23:57:00	49
67	7	2	1024	198	2024-11-02 18:10:00	40
68	7	3	352	54	2024-12-10 07:10:00	11
69	7	4	473	88	2024-11-25 02:49:00	18
71	7	6	406	113	2024-11-09 18:17:00	23
72	7	7	758	182	2024-11-02 01:13:00	36
73	7	8	485	139	2024-12-14 01:53:00	28
74	7	9	581	165	2024-11-06 11:42:00	33
75	7	10	385	78	2024-12-10 05:51:00	16
76	7	11	742	153	2024-12-14 08:09:00	31
78	7	13	341	79	2024-12-30 15:42:00	16
79	7	14	548	141	2024-12-03 11:33:00	28
80	7	15	548	87	2024-11-05 08:49:00	17
81	7	38	119	33	2024-11-12 06:29:00	7
82	7	39	259	61	2024-12-08 06:21:00	12
83	7	40	71	11	2024-11-25 20:36:00	2
7	1	7	106	121	2024-12-03 10:24:00	24
14	1	14	20	61	2024-12-04 12:06:00	12
21	2	16	129	167	2024-12-28 10:31:00	33
28	2	34	50	67	2024-12-10 16:53:00	13
35	4	23	37	55	2024-11-27 14:56:00	11
42	6	1	95	111	2024-11-05 12:51:00	22
49	6	8	69	90	2024-12-19 03:25:00	18
56	6	15	41	118	2024-12-09 01:25:00	24
63	6	38	27	30	2024-11-21 09:13:00	6
70	7	5	79	105	2024-11-27 13:15:00	21
77	7	12	91	139	2024-12-14 11:43:00	28
1	1	1	1535	378	2024-12-21 20:27:00	250
\.


--
-- Data for Name: marca; Type: TABLE DATA; Schema: public; Owner: david
--

COPY public.marca (id_marca, nombre_marca, descripcion) FROM stdin;
1	Bon Bon Bum	Paleta y dulces iconicos de Colombia, la marca mas reconocida de Colombina
2	Nucita	Cremas de chocolate y avellana, barquillos y chocolates icono de la infancia
3	Festival	Galletas dulces y saladas, la galleta mas vendida de Colombia
4	La Constancia	Salsas, conservas, mermeladas y aderezos de alta calidad
5	Cafe Buendia	Cafe colombiano de alta calidad, molido e instantaneo
6	Van Camps	Atun y enlatados de pescado de alto consumo masivo
7	Choco Break	Chocolates con waffer y leche, alternativa premium
8	Grissly	Dulces y gomitas de diferentes sabores y presentaciones
9	Crakenas	Galletas saladas crocantes, snack para cualquier momento
10	Snacky	Pasabocas y snacks salados de alto consumo
11	Pirulito	Paletas de diferentes sabores para el publico infantil
12	Fruly	Dulces y gomitas con sabores frutales intensos
13	Millows	Masmelos y dulces esponjosos en variedad de sabores
14	Colombina	Marca paraguas con productos de confiteria premium
15	Chocmelos	Masmelos bañados en chocolate, producto unico del portafolio
\.


--
-- Data for Name: materia_prima; Type: TABLE DATA; Schema: public; Owner: david
--

COPY public.materia_prima (id_materia, nombre, unidad_medida) FROM stdin;
1	Azucar refinada	kg
2	Cacao en polvo	kg
3	Manteca de cacao	kg
4	Leche en polvo entera	kg
5	Glucosa liquida	kg
6	Gelatina sin sabor	kg
7	Colorantes alimentarios	g
8	Saborizantes artificiales	ml
9	Harina de trigo	kg
10	Aceite vegetal refinado	L
11	Empaques plasticos flexibles	unid
12	Cajas de carton corrugado	unid
13	Pulpa de fruta tropical	kg
14	Acido citrico	kg
15	Crema de leche UHT	L
16	Sal refinada	kg
17	Bicarbonato de sodio	kg
18	Lecitina de soya	kg
19	Aroma de vainilla	ml
20	Latas de aluminio	unid
\.


--
-- Data for Name: orden_compra; Type: TABLE DATA; Schema: public; Owner: david
--

COPY public.orden_compra (id_compra, id_proveedor, fecha_compra, fecha_vencimiento, fecha_pago, estado_pago) FROM stdin;
1	1	2024-11-14 03:01:00	2025-02-12 03:01:00	\N	vencido
2	9	2023-12-07 07:42:00	2024-03-06 07:42:00	\N	pendiente
3	12	2024-07-11 12:02:00	2024-09-09 12:02:00	2024-08-24 12:02:00	pagado
4	1	2023-02-19 17:10:00	2023-04-05 17:10:00	\N	pendiente
5	5	2023-03-02 23:45:00	2023-04-16 23:45:00	2023-03-20 23:45:00	pagado
6	10	2023-03-27 12:24:00	2023-05-11 12:24:00	\N	pendiente
7	1	2023-03-29 09:10:00	2023-06-27 09:10:00	\N	pendiente
8	8	2023-09-25 12:49:00	2023-12-24 12:49:00	2023-12-20 12:49:00	pagado
9	8	2023-08-04 20:41:00	2023-10-03 20:41:00	2023-09-21 20:41:00	pagado
10	11	2024-02-18 20:36:00	2024-04-18 20:36:00	\N	pendiente
11	9	2023-03-26 16:27:00	2023-05-10 16:27:00	\N	pendiente
12	12	2023-03-21 03:35:00	2023-04-20 03:35:00	\N	vencido
13	11	2023-02-26 19:35:00	2023-03-28 19:35:00	\N	vencido
14	12	2023-02-22 01:22:00	2023-05-23 01:22:00	2023-02-24 01:22:00	pagado
15	11	2023-10-01 21:32:00	2023-11-30 21:32:00	2023-11-13 21:32:00	pagado
16	12	2023-03-13 01:39:00	2023-06-11 01:39:00	2023-03-16 01:39:00	pagado
17	8	2023-07-11 01:01:00	2023-10-09 01:01:00	\N	pendiente
18	2	2023-03-11 17:16:00	2023-05-10 17:16:00	\N	pendiente
19	3	2023-01-30 13:10:00	2023-04-30 13:10:00	2023-04-08 13:10:00	pagado
20	10	2023-01-06 13:07:00	2023-02-20 13:07:00	2023-01-20 13:07:00	pagado
21	8	2023-02-21 12:15:00	2023-05-22 12:15:00	\N	vencido
22	8	2023-03-28 19:31:00	2023-06-26 19:31:00	2023-05-06 19:31:00	pagado
23	6	2023-03-18 15:19:00	2023-05-02 15:19:00	2023-04-29 15:19:00	pagado
24	10	2024-01-20 09:20:00	2024-03-20 09:20:00	\N	pendiente
25	6	2023-12-12 15:24:00	2024-01-26 15:24:00	\N	pendiente
26	6	2023-10-30 12:19:00	2024-01-28 12:19:00	2023-12-12 12:19:00	pagado
27	2	2024-08-23 02:59:00	2024-11-21 02:59:00	\N	pendiente
28	12	2023-06-11 15:01:00	2023-08-10 15:01:00	2023-08-09 15:01:00	pagado
29	2	2023-09-15 10:32:00	2023-10-15 10:32:00	\N	pendiente
30	1	2023-06-22 06:18:00	2023-08-06 06:18:00	\N	vencido
31	1	2023-02-02 00:19:00	2023-05-03 00:19:00	\N	vencido
32	5	2023-01-07 06:55:00	2023-04-07 06:55:00	\N	vencido
33	10	2023-10-27 08:29:00	2023-12-26 08:29:00	\N	vencido
34	2	2023-01-09 00:23:00	2023-02-23 00:23:00	2023-02-13 00:23:00	pagado
35	11	2023-04-06 20:05:00	2023-07-05 20:05:00	2023-06-02 20:05:00	pagado
36	8	2023-07-29 09:22:00	2023-09-12 09:22:00	2023-08-09 09:22:00	pagado
37	4	2023-07-22 05:30:00	2023-08-21 05:30:00	\N	pendiente
38	7	2024-06-16 21:53:00	2024-08-15 21:53:00	2024-08-03 21:53:00	pagado
39	10	2023-08-17 18:37:00	2023-11-15 18:37:00	\N	vencido
40	4	2023-06-18 04:29:00	2023-09-16 04:29:00	\N	vencido
41	4	2023-12-06 07:52:00	2024-03-05 07:52:00	\N	pendiente
42	13	2023-08-29 16:39:00	2023-10-28 16:39:00	2023-10-14 16:39:00	pagado
43	2	2023-03-28 08:05:00	2023-05-27 08:05:00	2023-05-27 08:05:00	pagado
44	12	2023-09-19 14:51:00	2023-12-18 14:51:00	\N	pendiente
45	10	2023-10-11 20:51:00	2023-12-10 20:51:00	2023-10-19 20:51:00	pagado
46	14	2024-07-01 00:21:00	2024-08-30 00:21:00	2024-08-25 00:21:00	pagado
47	6	2023-06-18 15:57:00	2023-07-18 15:57:00	\N	vencido
48	2	2023-01-09 15:06:00	2023-02-23 15:06:00	\N	pendiente
49	1	2024-09-12 10:37:00	2024-10-27 10:37:00	2024-10-03 10:37:00	pagado
50	1	2023-04-29 10:37:00	2023-05-29 10:37:00	\N	vencido
51	12	2023-12-27 14:56:00	2024-03-26 14:56:00	2024-02-22 14:56:00	pagado
52	12	2024-01-19 19:03:00	2024-03-19 19:03:00	\N	pendiente
53	2	2023-01-09 09:41:00	2023-03-10 09:41:00	2023-02-15 09:41:00	pagado
54	7	2023-10-25 13:29:00	2023-12-24 13:29:00	2023-12-13 13:29:00	pagado
55	13	2024-07-25 08:18:00	2024-09-23 08:18:00	2024-08-02 08:18:00	pagado
56	4	2024-07-22 14:55:00	2024-08-21 14:55:00	\N	pendiente
57	1	2024-05-24 09:02:00	2024-07-23 09:02:00	2024-07-21 09:02:00	pagado
58	2	2023-02-02 01:00:00	2023-04-03 01:00:00	\N	vencido
59	3	2023-05-11 20:30:00	2023-06-10 20:30:00	\N	vencido
60	3	2023-09-04 15:21:00	2023-10-04 15:21:00	2023-09-30 15:21:00	pagado
61	1	2023-09-23 11:38:00	2023-11-22 11:38:00	2023-10-08 11:38:00	pagado
62	12	2024-10-03 02:48:00	2025-01-01 02:48:00	2024-12-21 02:48:00	pagado
63	1	2023-10-26 12:45:00	2024-01-24 12:45:00	2023-11-07 12:45:00	pagado
64	4	2023-07-23 20:44:00	2023-08-22 20:44:00	2023-07-30 20:44:00	pagado
65	5	2023-02-16 07:50:00	2023-04-02 07:50:00	2023-03-19 07:50:00	pagado
66	8	2023-07-18 14:51:00	2023-09-16 14:51:00	2023-09-05 14:51:00	pagado
67	2	2023-02-14 13:31:00	2023-03-31 13:31:00	2023-02-21 13:31:00	pagado
68	12	2023-02-18 02:26:00	2023-04-19 02:26:00	2023-03-16 02:26:00	pagado
69	12	2023-08-16 19:01:00	2023-10-15 19:01:00	2023-10-12 19:01:00	pagado
70	10	2023-03-17 04:56:00	2023-04-16 04:56:00	\N	pendiente
71	2	2024-02-17 18:41:00	2024-04-02 18:41:00	2024-02-21 18:41:00	pagado
72	10	2023-04-03 19:47:00	2023-07-02 19:47:00	2023-07-01 19:47:00	pagado
73	2	2023-07-06 08:31:00	2023-10-04 08:31:00	2023-09-26 08:31:00	pagado
74	10	2023-09-24 16:22:00	2023-10-24 16:22:00	\N	vencido
75	5	2023-10-16 12:17:00	2023-12-15 12:17:00	2023-12-12 12:17:00	pagado
76	1	2024-09-28 08:07:00	2024-10-28 08:07:00	2024-10-14 08:07:00	pagado
77	10	2023-06-23 18:03:00	2023-09-21 18:03:00	2023-07-14 18:03:00	pagado
78	12	2023-07-29 13:51:00	2023-09-12 13:51:00	\N	pendiente
79	5	2023-07-11 12:06:00	2023-09-09 12:06:00	2023-07-19 12:06:00	pagado
80	8	2023-11-11 11:28:00	2024-01-10 11:28:00	2023-11-29 11:28:00	pagado
81	12	2024-06-23 04:24:00	2024-08-07 04:24:00	2024-07-31 04:24:00	pagado
82	1	2023-08-14 14:40:00	2023-11-12 14:40:00	\N	vencido
83	10	2023-05-15 18:16:00	2023-06-29 18:16:00	2023-06-12 18:16:00	pagado
84	4	2023-04-26 01:12:00	2023-06-10 01:12:00	2023-05-28 01:12:00	pagado
85	1	2024-11-09 18:35:00	2025-01-08 18:35:00	2024-12-18 18:35:00	pagado
86	2	2023-03-27 12:43:00	2023-04-26 12:43:00	\N	vencido
87	1	2023-08-24 00:00:00	2023-10-08 00:00:00	2023-08-27 00:00:00	pagado
88	8	2023-12-07 14:13:00	2024-03-06 14:13:00	\N	pendiente
89	5	2023-03-22 21:45:00	2023-04-21 21:45:00	2023-04-09 21:45:00	pagado
90	12	2023-06-06 01:39:00	2023-07-06 01:39:00	2023-06-28 01:39:00	pagado
91	2	2023-05-16 03:44:00	2023-06-15 03:44:00	2023-06-10 03:44:00	pagado
92	1	2023-11-16 03:07:00	2023-12-31 03:07:00	2023-12-11 03:07:00	pagado
93	4	2023-04-16 17:44:00	2023-06-15 17:44:00	\N	pendiente
94	10	2023-11-10 23:05:00	2023-12-10 23:05:00	2023-12-09 23:05:00	pagado
95	2	2023-06-24 00:44:00	2023-08-23 00:44:00	\N	vencido
96	5	2024-02-15 02:32:00	2024-04-15 02:32:00	2024-02-27 02:32:00	pagado
97	1	2023-01-09 03:19:00	2023-02-08 03:19:00	2023-01-10 03:19:00	pagado
98	2	2023-07-14 02:06:00	2023-08-28 02:06:00	2023-07-29 02:06:00	pagado
99	1	2023-06-29 06:22:00	2023-08-28 06:22:00	2023-07-22 06:22:00	pagado
100	2	2023-02-19 05:00:00	2023-05-20 05:00:00	2023-04-07 05:00:00	pagado
101	10	2023-08-28 20:12:00	2023-11-26 20:12:00	\N	pendiente
102	4	2024-07-27 02:24:00	2024-09-10 02:24:00	\N	pendiente
103	12	2023-08-18 08:03:00	2023-09-17 08:03:00	2023-08-22 08:03:00	pagado
104	7	2023-06-14 02:46:00	2023-09-12 02:46:00	2023-07-12 02:46:00	pagado
105	10	2023-08-24 11:42:00	2023-10-08 11:42:00	\N	vencido
106	10	2023-12-14 01:36:00	2024-02-12 01:36:00	2024-02-08 01:36:00	pagado
107	4	2023-12-18 18:07:00	2024-02-01 18:07:00	2024-01-05 18:07:00	pagado
108	1	2024-02-21 01:14:00	2024-05-21 01:14:00	\N	pendiente
109	3	2023-01-04 15:56:00	2023-02-18 15:56:00	\N	pendiente
110	5	2023-01-23 09:48:00	2023-02-22 09:48:00	\N	vencido
111	1	2023-07-19 13:02:00	2023-09-17 13:02:00	2023-08-20 13:02:00	pagado
112	3	2023-01-15 20:51:00	2023-03-01 20:51:00	2023-02-04 20:51:00	pagado
113	9	2023-09-13 23:06:00	2023-12-12 23:06:00	2023-10-06 23:06:00	pagado
114	1	2023-04-26 18:47:00	2023-06-10 18:47:00	\N	pendiente
115	1	2023-11-25 23:38:00	2024-02-23 23:38:00	2024-02-22 23:38:00	pagado
116	2	2023-05-10 04:55:00	2023-07-09 04:55:00	2023-07-07 04:55:00	pagado
117	1	2023-10-20 15:57:00	2023-12-19 15:57:00	2023-12-08 15:57:00	pagado
118	11	2023-03-29 00:18:00	2023-05-13 00:18:00	2023-04-05 00:18:00	pagado
119	10	2024-03-07 17:32:00	2024-04-06 17:32:00	\N	pendiente
120	10	2023-03-08 23:15:00	2023-05-07 23:15:00	2023-03-19 23:15:00	pagado
121	10	2023-03-12 14:56:00	2023-04-26 14:56:00	2023-04-02 14:56:00	pagado
122	7	2023-05-19 12:02:00	2023-08-17 12:02:00	2023-06-05 12:02:00	pagado
123	1	2024-12-27 06:08:00	2025-02-25 06:08:00	2025-01-17 06:08:00	pagado
124	14	2023-03-31 18:16:00	2023-05-15 18:16:00	2023-04-03 18:16:00	pagado
125	4	2023-04-30 01:39:00	2023-06-14 01:39:00	2023-05-07 01:39:00	pagado
126	3	2023-09-25 03:38:00	2023-11-09 03:38:00	\N	vencido
127	2	2023-05-14 13:16:00	2023-06-28 13:16:00	2023-05-28 13:16:00	pagado
128	10	2023-03-28 01:10:00	2023-05-27 01:10:00	\N	pendiente
129	10	2024-11-17 08:59:00	2025-02-15 08:59:00	\N	pendiente
130	1	2023-11-18 16:17:00	2024-01-17 16:17:00	\N	vencido
131	3	2023-01-15 08:03:00	2023-02-14 08:03:00	\N	vencido
132	10	2024-03-20 19:53:00	2024-04-19 19:53:00	2024-04-15 19:53:00	pagado
133	10	2023-07-03 13:50:00	2023-08-17 13:50:00	2023-08-17 13:50:00	pagado
134	10	2023-06-02 08:28:00	2023-08-01 08:28:00	2023-06-05 08:28:00	pagado
135	2	2023-07-10 17:35:00	2023-08-09 17:35:00	2023-07-24 17:35:00	pagado
136	1	2023-02-28 09:06:00	2023-03-30 09:06:00	2023-03-20 09:06:00	pagado
137	12	2023-09-08 13:30:00	2023-11-07 13:30:00	\N	pendiente
138	4	2023-08-04 03:50:00	2023-11-02 03:50:00	2023-08-12 03:50:00	pagado
139	1	2023-11-04 21:31:00	2024-01-03 21:31:00	\N	vencido
140	12	2023-01-31 23:43:00	2023-05-01 23:43:00	2023-04-06 23:43:00	pagado
141	8	2023-11-10 17:26:00	2023-12-10 17:26:00	2023-11-29 17:26:00	pagado
142	1	2023-01-26 19:10:00	2023-03-27 19:10:00	\N	pendiente
143	2	2023-07-05 17:58:00	2023-08-19 17:58:00	\N	pendiente
144	5	2023-08-10 05:49:00	2023-09-24 05:49:00	\N	pendiente
145	8	2023-09-23 08:40:00	2023-12-22 08:40:00	\N	vencido
146	1	2023-01-09 11:24:00	2023-03-10 11:24:00	2023-01-31 11:24:00	pagado
147	5	2023-08-18 04:50:00	2023-10-02 04:50:00	\N	pendiente
148	1	2023-07-30 18:28:00	2023-08-29 18:28:00	\N	vencido
149	12	2023-03-18 23:11:00	2023-05-17 23:11:00	2023-05-17 23:11:00	pagado
150	1	2023-03-31 00:34:00	2023-05-30 00:34:00	2023-04-17 00:34:00	pagado
151	1	2023-02-06 12:27:00	2023-05-07 12:27:00	2023-04-20 12:27:00	pagado
152	1	2023-01-29 08:53:00	2023-02-28 08:53:00	\N	vencido
153	1	2024-04-02 08:47:00	2024-07-01 08:47:00	\N	vencido
154	1	2023-12-03 00:56:00	2024-01-02 00:56:00	2023-12-20 00:56:00	pagado
155	11	2023-08-09 17:50:00	2023-11-07 17:50:00	2023-10-07 17:50:00	pagado
156	5	2023-02-16 08:35:00	2023-05-17 08:35:00	2023-03-20 08:35:00	pagado
157	1	2024-09-20 15:33:00	2024-10-20 15:33:00	2024-10-12 15:33:00	pagado
158	15	2023-02-24 03:58:00	2023-04-25 03:58:00	\N	pendiente
159	11	2023-08-31 13:34:00	2023-10-15 13:34:00	\N	pendiente
160	10	2024-12-31 08:58:00	2025-01-30 08:58:00	2025-01-23 08:58:00	pagado
161	1	2024-10-17 12:16:00	2024-11-16 12:16:00	2024-10-25 12:16:00	pagado
162	6	2023-08-08 01:34:00	2023-10-07 01:34:00	2023-08-30 01:34:00	pagado
163	1	2023-08-23 20:24:00	2023-09-22 20:24:00	2023-09-14 20:24:00	pagado
164	10	2023-12-13 23:47:00	2024-03-12 23:47:00	\N	pendiente
165	5	2024-10-26 01:36:00	2024-12-10 01:36:00	\N	vencido
166	11	2024-09-03 11:29:00	2024-10-18 11:29:00	\N	pendiente
167	6	2023-08-18 13:28:00	2023-09-17 13:28:00	\N	vencido
168	4	2023-05-05 18:08:00	2023-07-04 18:08:00	\N	pendiente
169	12	2023-08-05 07:08:00	2023-09-04 07:08:00	2023-08-31 07:08:00	pagado
170	4	2023-10-04 05:01:00	2023-11-18 05:01:00	\N	pendiente
171	11	2023-02-10 08:29:00	2023-04-11 08:29:00	2023-03-26 08:29:00	pagado
172	13	2023-07-10 11:02:00	2023-09-08 11:02:00	2023-09-07 11:02:00	pagado
173	4	2023-01-22 10:28:00	2023-03-23 10:28:00	\N	vencido
174	6	2023-08-19 14:34:00	2023-11-17 14:34:00	2023-09-24 14:34:00	pagado
175	13	2023-01-30 23:16:00	2023-03-01 23:16:00	2023-02-14 23:16:00	pagado
176	1	2024-08-26 03:41:00	2024-10-10 03:41:00	2024-09-28 03:41:00	pagado
177	9	2023-02-24 02:49:00	2023-04-25 02:49:00	2023-04-07 02:49:00	pagado
178	2	2023-07-13 07:21:00	2023-09-11 07:21:00	2023-09-04 07:21:00	pagado
179	4	2024-11-23 20:51:00	2025-02-21 20:51:00	2025-01-15 20:51:00	pagado
180	6	2023-03-13 17:08:00	2023-04-12 17:08:00	\N	pendiente
181	10	2024-09-27 11:27:00	2024-10-27 11:27:00	2024-09-29 11:27:00	pagado
182	2	2023-03-11 00:13:00	2023-06-09 00:13:00	2023-05-28 00:13:00	pagado
183	1	2024-07-21 06:36:00	2024-09-19 06:36:00	\N	pendiente
184	2	2023-01-04 01:56:00	2023-04-04 01:56:00	2023-01-31 01:56:00	pagado
185	2	2024-05-11 18:21:00	2024-06-10 18:21:00	\N	pendiente
186	7	2023-07-25 11:35:00	2023-08-24 11:35:00	2023-08-23 11:35:00	pagado
187	11	2023-05-18 10:22:00	2023-08-16 10:22:00	\N	pendiente
188	9	2023-03-04 08:34:00	2023-06-02 08:34:00	\N	vencido
189	5	2023-02-27 02:02:00	2023-03-29 02:02:00	\N	pendiente
190	10	2023-03-13 14:17:00	2023-04-27 14:17:00	2023-04-22 14:17:00	pagado
191	1	2023-08-31 06:46:00	2023-09-30 06:46:00	\N	pendiente
192	13	2023-03-02 06:57:00	2023-04-16 06:57:00	2023-03-13 06:57:00	pagado
193	12	2023-12-30 08:21:00	2024-02-13 08:21:00	2024-01-18 08:21:00	pagado
194	1	2023-12-09 10:01:00	2024-01-23 10:01:00	2024-01-21 10:01:00	pagado
195	6	2023-07-11 13:07:00	2023-08-25 13:07:00	\N	vencido
196	12	2023-01-31 10:25:00	2023-04-01 10:25:00	2023-02-18 10:25:00	pagado
197	7	2024-07-28 08:43:00	2024-09-11 08:43:00	2024-08-02 08:43:00	pagado
198	6	2024-10-26 17:48:00	2025-01-24 17:48:00	2024-12-30 17:48:00	pagado
199	6	2024-08-09 06:30:00	2024-09-08 06:30:00	\N	pendiente
200	6	2023-03-31 16:46:00	2023-05-30 16:46:00	\N	pendiente
201	2	2023-02-27 01:23:00	2023-03-29 01:23:00	\N	vencido
202	1	2023-11-28 21:13:00	2024-01-12 21:13:00	2024-01-01 21:13:00	pagado
203	5	2024-01-11 09:11:00	2024-03-11 09:11:00	\N	vencido
204	4	2023-06-11 23:50:00	2023-07-11 23:50:00	\N	pendiente
205	11	2023-09-15 07:08:00	2023-12-14 07:08:00	\N	vencido
206	3	2024-09-19 10:42:00	2024-11-03 10:42:00	2024-10-29 10:42:00	pagado
207	14	2023-01-06 20:15:00	2023-02-05 20:15:00	2023-01-20 20:15:00	pagado
208	2	2023-05-25 15:32:00	2023-07-24 15:32:00	2023-07-08 15:32:00	pagado
209	15	2023-04-11 22:12:00	2023-05-26 22:12:00	\N	vencido
210	3	2023-01-08 17:08:00	2023-02-07 17:08:00	\N	pendiente
211	6	2023-10-28 10:27:00	2023-12-12 10:27:00	\N	pendiente
212	3	2023-07-30 09:37:00	2023-10-28 09:37:00	2023-09-22 09:37:00	pagado
213	1	2023-05-26 05:03:00	2023-07-10 05:03:00	\N	pendiente
214	2	2023-03-31 02:46:00	2023-04-30 02:46:00	\N	pendiente
215	12	2023-01-22 06:01:00	2023-03-23 06:01:00	\N	vencido
216	2	2024-11-28 12:13:00	2025-01-27 12:13:00	\N	vencido
217	1	2024-05-04 11:29:00	2024-08-02 11:29:00	2024-07-27 11:29:00	pagado
218	14	2023-03-30 05:21:00	2023-06-28 05:21:00	\N	vencido
219	1	2023-08-21 12:05:00	2023-09-20 12:05:00	\N	pendiente
220	1	2023-11-18 12:05:00	2024-01-17 12:05:00	2024-01-14 12:05:00	pagado
221	12	2026-06-12 01:08:00	2026-07-28 01:09:00	2026-07-12 01:08:00	pendiente
222	6	2026-06-22 14:53:00	2026-07-19 14:53:00	2026-07-12 14:53:00	pendiente
\.


--
-- Data for Name: orden_venta; Type: TABLE DATA; Schema: public; Owner: david
--

COPY public.orden_venta (id_venta, id_cliente, fecha_venta) FROM stdin;
1	32	2024-12-13 04:16:00
2	90	2024-04-27 19:48:00
3	81	2023-09-01 10:16:00
4	35	2023-06-08 10:14:00
5	71	2023-06-17 19:17:00
6	81	2023-12-08 23:52:00
7	59	2023-12-31 11:58:00
8	26	2023-05-13 03:43:00
9	60	2023-12-25 00:46:00
10	105	2023-04-05 06:15:00
11	31	2023-11-18 22:13:00
12	31	2023-11-15 04:17:00
13	22	2024-10-27 21:35:00
14	73	2024-11-23 15:15:00
15	45	2024-01-25 10:19:00
16	30	2024-02-12 05:58:00
17	48	2024-11-13 20:08:00
18	15	2023-03-08 20:19:00
19	63	2023-12-16 16:36:00
20	68	2023-11-04 08:02:00
21	107	2023-02-15 04:27:00
22	52	2024-02-22 00:32:00
23	90	2024-07-10 12:41:00
24	104	2024-06-09 12:15:00
25	11	2023-04-06 01:44:00
26	113	2024-10-02 09:21:00
27	105	2024-02-06 04:22:00
28	27	2024-10-02 03:00:00
29	78	2023-11-16 11:51:00
30	52	2024-10-13 05:34:00
31	32	2023-10-24 09:49:00
32	96	2024-06-20 21:00:00
33	97	2023-11-23 20:00:00
34	48	2023-07-10 05:56:00
35	53	2024-04-25 17:45:00
36	57	2023-10-21 00:00:00
37	96	2023-12-01 11:10:00
38	7	2024-05-30 19:43:00
39	34	2023-07-06 05:28:00
40	18	2024-07-11 21:00:00
41	11	2023-02-27 12:29:00
42	39	2023-10-25 00:31:00
43	19	2023-10-08 19:33:00
44	101	2024-02-26 13:07:00
45	101	2023-02-01 00:52:00
46	47	2024-12-26 10:24:00
47	62	2024-12-22 12:56:00
48	58	2024-10-05 02:44:00
49	81	2024-06-25 22:07:00
50	65	2023-02-22 22:38:00
51	86	2023-04-08 08:00:00
52	78	2023-11-10 21:35:00
53	58	2024-10-27 13:53:00
54	49	2024-10-06 07:27:00
55	61	2024-03-11 09:10:00
56	35	2024-10-21 06:28:00
57	86	2024-06-13 09:16:00
58	3	2024-10-30 00:39:00
59	109	2023-12-11 09:04:00
60	58	2024-10-11 07:25:00
61	115	2024-12-05 09:16:00
62	104	2024-07-07 20:50:00
63	77	2024-02-08 01:28:00
64	30	2024-11-17 15:47:00
65	87	2024-10-11 09:05:00
66	84	2023-07-30 16:34:00
67	58	2024-10-05 06:33:00
68	69	2024-07-05 13:27:00
69	100	2023-10-18 20:04:00
70	88	2023-08-26 12:42:00
71	9	2024-01-26 17:11:00
72	19	2024-07-17 04:56:00
73	16	2024-10-25 06:09:00
74	48	2024-11-21 13:27:00
75	84	2024-02-02 02:52:00
76	85	2023-07-02 11:31:00
77	42	2023-10-21 07:21:00
78	22	2023-07-26 14:14:00
79	2	2023-11-29 05:09:00
80	8	2024-07-12 23:27:00
81	18	2024-02-25 00:21:00
82	118	2024-01-30 09:53:00
83	113	2024-03-12 04:39:00
84	18	2023-12-05 03:52:00
85	9	2023-07-26 18:21:00
86	118	2023-06-29 14:55:00
87	48	2023-06-16 21:00:00
88	15	2024-12-30 13:34:00
89	88	2024-02-20 08:22:00
90	74	2023-06-24 10:15:00
91	35	2024-07-12 15:10:00
92	112	2024-11-06 12:21:00
93	107	2023-12-18 06:41:00
94	52	2024-11-29 14:28:00
95	14	2024-10-26 09:55:00
96	54	2023-02-12 13:33:00
97	48	2024-12-20 20:30:00
98	3	2024-10-31 03:24:00
99	27	2024-05-10 10:21:00
100	31	2023-04-23 13:38:00
101	76	2024-07-19 10:16:00
102	35	2024-04-23 15:23:00
103	66	2023-08-24 13:30:00
104	28	2023-06-25 09:08:00
105	104	2024-10-04 23:10:00
106	71	2024-12-14 20:48:00
107	88	2023-12-20 07:18:00
108	73	2023-10-24 01:31:00
109	91	2024-06-14 10:09:00
110	30	2024-04-30 13:12:00
111	57	2023-06-20 10:20:00
112	65	2024-10-09 14:55:00
113	94	2023-06-09 18:10:00
114	104	2023-04-10 09:17:00
115	30	2024-12-10 11:11:00
116	72	2023-12-24 14:58:00
117	12	2023-11-18 00:09:00
118	55	2024-07-30 05:57:00
119	82	2024-10-25 05:39:00
120	107	2023-09-26 12:45:00
121	113	2024-11-26 19:21:00
122	39	2023-01-06 06:12:00
123	56	2024-02-04 15:25:00
124	115	2024-07-27 18:18:00
125	87	2024-07-07 03:21:00
126	119	2023-02-26 20:19:00
127	15	2023-04-14 12:40:00
128	120	2023-10-13 22:35:00
129	72	2023-07-03 02:48:00
130	102	2023-06-25 17:31:00
131	13	2024-02-05 03:19:00
132	97	2024-02-05 02:00:00
133	60	2023-02-15 15:05:00
134	3	2024-12-03 11:02:00
135	73	2024-02-07 01:19:00
136	62	2024-11-01 06:48:00
137	11	2023-07-18 09:31:00
138	67	2023-02-12 20:56:00
139	65	2023-11-11 13:06:00
140	46	2024-11-26 15:41:00
141	100	2023-04-01 08:43:00
142	25	2023-02-01 16:43:00
143	22	2023-04-09 06:06:00
144	19	2024-12-08 01:31:00
145	31	2023-11-07 11:13:00
146	50	2023-04-24 11:26:00
147	26	2024-11-15 00:45:00
148	77	2023-08-06 09:19:00
149	119	2023-07-01 00:00:00
150	92	2024-10-19 09:54:00
151	32	2023-10-04 04:38:00
152	81	2024-11-01 16:30:00
153	4	2023-06-27 05:33:00
154	51	2024-11-02 10:16:00
155	105	2023-10-20 14:55:00
156	74	2023-05-30 19:13:00
157	18	2024-05-23 19:34:00
158	113	2024-04-19 13:59:00
159	95	2024-11-15 05:39:00
160	55	2023-10-19 07:45:00
161	115	2023-12-06 10:38:00
162	106	2023-11-01 11:30:00
163	115	2023-04-17 19:57:00
164	62	2023-06-26 12:31:00
165	53	2023-02-21 21:29:00
166	69	2024-11-26 05:28:00
167	65	2024-06-28 04:04:00
168	5	2024-02-14 23:56:00
169	19	2023-10-24 16:58:00
170	77	2024-11-17 03:42:00
171	115	2023-11-13 10:01:00
172	90	2024-05-24 08:12:00
173	115	2023-11-04 23:56:00
174	86	2023-07-07 19:48:00
175	119	2024-02-03 21:16:00
176	35	2023-12-20 03:59:00
177	12	2023-02-12 13:58:00
178	105	2024-10-03 20:44:00
179	98	2024-12-31 23:26:00
180	3	2023-12-19 09:37:00
181	108	2023-11-25 02:30:00
182	2	2024-07-31 05:59:00
183	71	2024-12-24 19:47:00
184	100	2024-05-19 07:49:00
185	62	2023-12-14 00:06:00
186	70	2023-10-20 07:12:00
187	68	2024-12-26 14:34:00
188	53	2024-12-01 17:06:00
189	8	2023-02-15 06:19:00
190	51	2024-02-26 12:58:00
191	3	2024-04-28 00:26:00
192	24	2024-10-13 20:44:00
193	115	2023-07-12 19:22:00
194	111	2023-07-24 23:17:00
195	93	2024-07-12 13:29:00
196	80	2023-07-01 15:46:00
197	103	2023-10-08 23:06:00
198	99	2023-02-20 17:02:00
199	95	2024-02-03 18:12:00
200	29	2024-10-23 09:49:00
201	117	2024-10-12 05:39:00
202	37	2024-07-06 15:39:00
203	74	2024-10-29 07:54:00
204	29	2023-11-03 02:20:00
205	47	2024-07-09 13:16:00
206	58	2023-03-25 01:53:00
207	77	2023-12-30 08:25:00
208	113	2024-06-19 18:45:00
209	2	2024-06-18 04:11:00
210	109	2023-10-22 17:51:00
211	11	2023-06-12 11:10:00
212	114	2024-09-22 03:43:00
213	101	2024-11-08 02:21:00
214	51	2023-06-12 21:47:00
215	32	2024-04-19 17:55:00
216	32	2024-02-09 12:23:00
217	37	2024-06-07 05:30:00
218	62	2024-11-29 17:47:00
219	78	2024-04-17 08:48:00
220	89	2024-02-23 15:29:00
221	3	2023-02-17 05:46:00
222	6	2023-10-30 01:37:00
223	58	2024-06-27 04:59:00
224	34	2023-07-08 03:18:00
225	65	2024-07-18 05:52:00
226	107	2024-12-29 22:35:00
227	55	2024-11-10 07:36:00
228	1	2024-12-30 00:18:00
229	39	2023-12-31 17:40:00
230	89	2024-11-09 15:50:00
231	47	2023-11-30 07:19:00
232	29	2023-07-28 23:31:00
233	60	2023-12-18 09:48:00
234	14	2024-12-23 03:43:00
235	69	2023-06-04 10:59:00
236	69	2024-12-18 15:25:00
237	30	2023-05-31 12:04:00
238	45	2023-11-17 09:12:00
239	3	2023-02-12 08:14:00
240	51	2024-10-13 21:43:00
241	61	2023-02-15 17:25:00
242	91	2024-06-26 15:50:00
243	73	2024-02-21 10:24:00
244	25	2024-03-02 01:32:00
245	30	2024-02-06 12:14:00
246	101	2023-11-21 06:56:00
247	69	2023-09-03 14:44:00
248	113	2024-04-17 08:52:00
249	27	2023-03-20 17:55:00
250	21	2024-06-05 15:50:00
251	80	2023-12-28 20:09:00
252	71	2024-07-27 20:38:00
253	111	2023-10-27 21:46:00
254	36	2023-11-21 19:09:00
255	16	2023-11-30 16:56:00
256	47	2024-09-07 06:01:00
257	21	2024-04-13 02:55:00
258	96	2024-09-17 04:05:00
259	8	2023-05-03 01:48:00
260	103	2024-06-24 17:39:00
261	53	2024-11-13 22:33:00
262	72	2023-01-12 07:57:00
263	80	2023-12-18 16:05:00
264	95	2024-12-26 17:22:00
265	8	2023-02-03 09:18:00
266	14	2024-04-08 08:02:00
267	18	2024-10-22 03:32:00
268	87	2023-02-12 23:09:00
269	36	2024-10-20 02:13:00
270	54	2024-12-27 00:43:00
271	22	2023-02-09 23:47:00
272	62	2024-06-23 16:54:00
273	83	2024-04-07 06:44:00
274	90	2024-11-04 10:14:00
275	40	2023-02-03 03:23:00
276	65	2024-02-12 13:23:00
277	28	2023-12-19 10:21:00
278	101	2024-12-30 05:38:00
279	89	2024-04-05 03:47:00
280	16	2024-11-15 23:52:00
281	26	2023-07-19 03:10:00
282	109	2024-10-03 17:00:00
283	51	2024-12-22 12:27:00
284	53	2023-02-04 12:40:00
285	107	2023-10-06 19:04:00
286	2	2024-11-13 16:35:00
287	84	2024-11-18 18:41:00
288	46	2024-12-22 19:57:00
289	21	2024-06-02 22:21:00
290	64	2024-06-26 00:18:00
291	45	2024-11-25 20:50:00
292	104	2023-07-31 18:41:00
293	21	2023-01-09 17:37:00
294	78	2023-07-21 17:39:00
295	69	2024-03-31 14:28:00
296	27	2024-07-04 04:33:00
297	35	2024-01-16 06:18:00
298	91	2023-02-06 10:59:00
299	81	2024-11-01 14:16:00
300	48	2024-10-02 12:52:00
301	3	2024-07-17 11:23:00
302	21	2024-04-20 13:17:00
303	100	2024-08-24 00:22:00
304	109	2024-04-21 20:49:00
305	5	2024-02-20 08:58:00
306	3	2024-02-24 21:32:00
307	8	2024-02-05 09:07:00
308	7	2024-11-18 13:31:00
309	90	2024-10-16 00:26:00
310	104	2023-06-15 19:56:00
311	118	2024-07-11 10:55:00
312	104	2024-12-24 01:44:00
313	54	2023-12-17 19:46:00
314	30	2023-02-18 06:28:00
315	80	2024-05-04 22:46:00
316	38	2023-12-15 00:23:00
317	3	2023-10-02 08:15:00
318	103	2023-10-17 10:38:00
319	31	2024-07-09 11:05:00
320	115	2024-07-27 12:38:00
321	95	2023-12-11 10:41:00
322	12	2023-04-23 18:16:00
323	34	2023-01-23 15:51:00
324	38	2023-12-30 23:50:00
325	29	2024-11-07 04:55:00
326	19	2024-02-16 09:12:00
327	36	2023-11-17 21:42:00
328	71	2023-07-25 14:55:00
329	105	2023-12-16 16:57:00
330	81	2023-07-22 13:27:00
331	33	2024-12-17 18:04:00
332	25	2024-06-17 21:32:00
333	30	2023-01-23 06:34:00
334	31	2023-10-08 19:44:00
335	101	2023-04-26 02:50:00
336	104	2023-10-05 03:29:00
337	25	2023-11-14 08:28:00
338	46	2024-10-20 08:30:00
339	92	2024-11-23 13:03:00
340	13	2023-12-25 23:29:00
341	39	2023-06-20 13:19:00
342	2	2023-11-07 05:03:00
343	72	2024-12-25 13:06:00
344	93	2023-02-17 12:37:00
345	112	2023-10-22 18:19:00
346	68	2023-07-03 18:52:00
347	117	2024-09-15 15:11:00
348	18	2024-02-15 11:36:00
349	87	2023-10-12 09:13:00
350	78	2023-06-19 08:37:00
351	93	2024-11-24 17:08:00
352	57	2024-11-28 23:38:00
353	21	2024-12-05 16:38:00
354	68	2024-10-05 01:36:00
355	48	2024-11-08 02:23:00
356	2	2024-12-04 05:33:00
357	92	2024-07-24 19:17:00
358	20	2023-11-03 01:20:00
359	98	2024-10-12 06:02:00
360	19	2023-12-05 02:20:00
361	90	2024-06-22 06:57:00
362	21	2024-12-06 12:46:00
363	11	2023-08-19 02:49:00
364	62	2024-04-13 05:56:00
365	108	2023-10-31 18:42:00
366	88	2024-12-09 12:39:00
367	56	2023-12-14 14:13:00
368	54	2024-12-10 01:37:00
369	113	2023-12-03 20:24:00
370	96	2024-12-12 22:56:00
371	113	2023-02-06 21:06:00
372	73	2024-06-07 13:05:00
373	14	2023-02-16 05:47:00
374	62	2024-10-14 20:30:00
375	1	2024-07-14 23:35:00
376	35	2023-06-21 05:15:00
377	112	2023-02-01 13:14:00
378	51	2023-07-07 05:53:00
379	2	2024-10-14 02:58:00
380	80	2024-04-28 23:33:00
381	104	2023-02-12 22:18:00
382	25	2024-06-24 15:54:00
383	69	2024-06-27 11:23:00
384	68	2023-12-17 06:19:00
385	8	2023-09-01 08:41:00
386	12	2023-02-06 13:42:00
387	72	2024-04-08 18:45:00
388	14	2023-10-04 18:29:00
389	12	2024-06-03 09:06:00
390	27	2023-05-02 12:03:00
391	108	2023-12-16 12:06:00
392	114	2023-04-16 15:36:00
393	97	2023-06-27 09:52:00
394	108	2023-02-20 14:58:00
395	89	2024-10-18 04:12:00
396	15	2023-04-10 06:02:00
397	81	2024-06-16 05:10:00
398	105	2024-06-25 15:32:00
399	105	2024-01-29 14:09:00
400	31	2024-10-28 13:43:00
401	89	2024-08-08 10:41:00
402	72	2023-02-26 17:59:00
403	98	2023-07-26 01:04:00
404	85	2024-01-01 07:51:00
405	72	2024-06-09 17:09:00
406	35	2024-11-22 08:05:00
407	46	2024-12-28 11:34:00
408	14	2024-12-01 10:36:00
409	35	2024-06-03 08:47:00
410	3	2024-10-05 22:49:00
411	77	2024-11-26 23:39:00
412	34	2023-11-11 09:17:00
413	60	2024-07-25 05:18:00
414	117	2023-05-18 20:08:00
415	97	2023-12-08 00:09:00
416	35	2023-05-23 22:15:00
417	42	2023-04-29 09:40:00
418	57	2023-10-12 21:38:00
419	77	2024-10-28 15:10:00
420	97	2023-05-21 04:29:00
421	99	2023-04-22 10:08:00
422	105	2024-12-17 23:21:00
423	77	2023-12-05 23:58:00
424	120	2023-09-21 18:19:00
425	16	2024-08-11 11:16:00
426	91	2023-02-11 04:26:00
427	101	2023-04-14 12:40:00
428	57	2023-02-14 23:14:00
429	96	2024-12-06 09:17:00
430	16	2024-07-15 04:26:00
431	92	2023-04-14 05:27:00
432	115	2024-11-28 21:45:00
433	16	2024-06-16 01:32:00
434	72	2024-03-10 08:24:00
435	49	2024-02-20 10:58:00
436	94	2023-10-18 18:49:00
437	81	2024-12-24 01:02:00
438	69	2024-11-14 12:41:00
439	97	2023-02-17 19:09:00
440	87	2024-01-28 05:23:00
441	54	2023-12-08 01:26:00
442	54	2024-10-20 22:01:00
443	115	2023-11-26 03:56:00
444	95	2023-12-04 21:53:00
445	34	2024-09-12 08:25:00
446	62	2023-10-02 23:21:00
447	8	2024-06-16 14:59:00
448	35	2023-04-17 07:16:00
449	14	2023-06-15 20:42:00
450	113	2024-11-19 11:12:00
451	89	2023-07-12 21:44:00
452	91	2024-10-27 12:49:00
453	39	2024-12-23 08:31:00
454	59	2024-11-23 21:15:00
455	39	2024-12-23 13:57:00
456	68	2023-12-08 17:19:00
457	113	2023-03-08 02:50:00
458	45	2024-12-14 05:29:00
459	108	2024-12-11 06:11:00
460	109	2024-11-17 11:39:00
461	34	2023-06-19 01:08:00
462	65	2023-10-26 13:03:00
463	47	2024-06-01 23:54:00
464	30	2023-07-14 03:05:00
465	68	2023-07-31 18:07:00
466	94	2023-06-15 14:25:00
467	109	2023-11-10 07:59:00
468	35	2023-10-13 10:44:00
469	110	2023-12-28 00:34:00
470	73	2024-11-12 18:22:00
471	19	2024-02-03 14:47:00
472	92	2023-04-05 00:48:00
473	72	2023-07-20 15:16:00
474	106	2023-07-01 22:37:00
475	36	2024-11-03 23:49:00
476	105	2023-02-28 13:28:00
477	82	2024-02-06 16:27:00
478	71	2023-10-13 03:00:00
479	47	2024-12-23 07:47:00
480	80	2023-06-27 08:34:00
481	52	2024-12-29 02:17:00
482	8	2024-02-06 23:35:00
483	8	2024-02-17 11:53:00
484	34	2024-10-09 05:24:00
485	34	2024-09-08 03:16:00
486	21	2023-04-12 21:33:00
487	72	2023-11-07 17:56:00
488	40	2023-07-18 03:36:00
489	54	2023-12-02 02:39:00
490	23	2024-11-28 02:34:00
491	56	2023-07-14 18:18:00
492	62	2023-02-04 00:18:00
493	29	2023-12-25 11:40:00
494	34	2024-12-10 13:55:00
495	97	2024-11-11 18:07:00
496	71	2023-12-06 16:42:00
497	39	2023-03-17 08:53:00
498	44	2024-06-18 20:21:00
499	28	2023-07-13 17:40:00
500	38	2024-06-23 07:05:00
501	91	2024-09-29 00:00:00
502	108	2023-07-19 09:23:00
503	54	2024-02-28 02:29:00
504	14	2024-10-02 15:33:00
505	107	2023-04-22 20:30:00
506	108	2023-05-05 05:57:00
507	5	2024-12-08 02:21:00
508	100	2024-12-16 13:14:00
509	39	2024-07-26 17:11:00
510	56	2023-02-17 20:45:00
511	51	2024-11-11 21:35:00
512	108	2023-10-13 19:21:00
513	74	2023-10-15 05:26:00
514	87	2024-02-28 17:36:00
515	74	2024-07-28 19:26:00
516	95	2023-11-09 03:19:00
517	116	2023-11-09 07:10:00
518	113	2024-07-07 23:01:00
519	18	2023-02-13 12:07:00
520	119	2024-04-20 19:46:00
521	53	2024-11-11 05:19:00
522	89	2023-09-01 18:49:00
523	6	2024-05-01 16:02:00
524	101	2023-03-23 05:29:00
525	115	2023-02-25 20:39:00
526	96	2023-02-17 00:36:00
527	38	2024-10-24 19:47:00
528	64	2024-12-20 19:05:00
529	54	2023-10-02 10:06:00
530	11	2024-04-09 14:00:00
531	47	2024-02-06 00:26:00
532	96	2023-12-29 12:29:00
533	102	2023-04-29 11:37:00
534	2	2023-07-29 12:54:00
535	10	2024-10-26 06:05:00
536	53	2023-04-20 09:38:00
537	96	2023-10-18 10:37:00
538	63	2023-05-22 15:44:00
539	74	2023-02-13 05:40:00
540	95	2023-06-07 21:45:00
541	105	2023-10-29 19:06:00
542	47	2024-07-03 05:04:00
543	40	2023-02-06 07:03:00
544	62	2024-11-04 05:18:00
545	45	2023-10-15 17:21:00
546	8	2023-06-22 10:12:00
547	115	2023-07-06 18:48:00
548	113	2024-07-19 22:44:00
549	80	2024-12-24 01:07:00
550	32	2023-02-25 11:32:00
551	24	2023-07-29 09:15:00
552	90	2024-10-02 20:19:00
553	95	2023-06-28 21:57:00
554	23	2024-11-12 16:29:00
555	108	2024-10-01 23:59:00
556	98	2023-07-27 16:48:00
557	20	2023-10-16 03:47:00
558	92	2023-11-18 08:44:00
559	82	2023-07-14 08:56:00
560	71	2024-02-07 06:25:00
561	32	2024-07-14 23:34:00
562	39	2023-07-31 10:00:00
563	81	2024-12-26 05:47:00
564	40	2023-04-16 14:48:00
565	12	2023-07-12 00:43:00
566	74	2023-02-11 05:47:00
567	54	2023-12-26 11:12:00
568	44	2024-10-27 01:53:00
569	96	2024-04-20 11:17:00
570	77	2023-11-17 01:40:00
571	101	2024-11-23 21:39:00
572	96	2024-12-27 01:54:00
573	88	2023-06-21 14:38:00
574	71	2023-07-10 04:09:00
575	75	2024-10-25 19:01:00
576	105	2023-11-12 12:17:00
577	74	2023-07-07 21:50:00
578	118	2023-05-30 21:01:00
579	25	2024-02-10 22:11:00
580	8	2024-07-04 09:02:00
581	32	2023-12-23 07:56:00
582	43	2023-07-25 00:23:00
583	119	2024-06-12 21:38:00
584	78	2023-02-13 19:26:00
585	12	2023-10-26 02:36:00
586	77	2024-12-24 05:34:00
587	80	2023-01-25 01:00:00
588	15	2023-06-05 01:07:00
589	56	2024-11-13 18:04:00
590	52	2023-11-02 06:50:00
591	104	2023-12-28 11:53:00
592	35	2023-10-06 02:22:00
593	81	2024-07-14 00:22:00
594	29	2023-07-01 03:46:00
595	116	2023-06-12 12:20:00
596	27	2023-10-20 21:58:00
597	29	2023-07-17 03:22:00
598	16	2023-07-13 03:13:00
599	78	2023-12-07 08:51:00
600	35	2024-10-05 21:12:00
601	78	2024-06-14 03:02:00
602	87	2024-06-21 07:20:00
603	20	2023-06-10 19:45:00
604	78	2024-07-02 19:23:00
605	115	2023-12-07 11:51:00
606	107	2023-07-03 06:54:00
607	120	2024-11-15 05:16:00
608	11	2024-12-02 11:31:00
609	83	2024-11-01 01:48:00
610	57	2023-10-03 20:39:00
611	55	2023-06-02 03:09:00
612	2	2023-12-23 19:26:00
613	97	2024-10-12 19:12:00
614	95	2024-11-17 16:25:00
615	35	2023-07-06 02:05:00
616	40	2023-02-28 17:04:00
617	82	2023-12-07 15:20:00
618	119	2024-10-28 01:51:00
619	53	2024-12-06 00:43:00
620	77	2024-07-16 11:46:00
621	58	2024-11-01 04:55:00
622	39	2023-07-28 04:09:00
623	84	2024-03-16 03:00:00
624	93	2023-09-23 11:51:00
625	103	2023-06-14 02:20:00
626	1	2024-10-09 03:02:00
627	74	2024-08-09 11:46:00
628	11	2023-11-18 00:19:00
629	88	2023-12-09 05:15:00
630	117	2024-06-09 02:10:00
631	72	2024-07-03 23:17:00
632	101	2024-04-21 18:16:00
633	102	2024-10-16 20:09:00
634	114	2023-11-14 01:30:00
635	53	2024-11-21 15:26:00
636	72	2023-01-03 18:12:00
637	12	2024-06-27 07:04:00
638	90	2024-07-03 14:20:00
639	39	2024-12-17 00:00:00
640	25	2024-06-26 05:44:00
641	41	2024-05-05 05:26:00
642	69	2023-02-27 22:41:00
643	39	2023-07-16 04:38:00
644	74	2023-06-25 17:13:00
645	62	2024-11-16 19:19:00
646	100	2023-11-21 02:58:00
647	46	2023-11-10 16:36:00
648	37	2024-07-04 06:19:00
649	88	2024-06-16 06:25:00
650	70	2023-07-03 15:44:00
651	48	2023-10-22 05:24:00
652	77	2023-06-03 05:51:00
653	30	2024-10-16 01:34:00
654	77	2024-12-02 10:12:00
655	25	2024-06-08 17:28:00
656	43	2024-10-19 19:47:00
657	74	2024-12-21 16:38:00
658	90	2024-07-14 15:37:00
659	118	2023-12-29 22:12:00
660	7	2024-07-18 18:36:00
661	75	2023-02-28 04:12:00
662	28	2024-07-10 06:44:00
663	47	2024-10-10 11:08:00
664	57	2024-12-20 22:32:00
665	104	2024-09-13 09:22:00
666	109	2024-01-16 01:47:00
667	77	2024-07-21 17:25:00
668	18	2024-08-30 16:46:00
669	97	2023-09-12 15:00:00
670	47	2024-07-10 14:45:00
671	76	2024-11-18 10:20:00
672	77	2023-02-26 12:40:00
673	31	2024-07-28 23:02:00
674	36	2024-01-28 22:23:00
675	54	2024-06-30 02:23:00
676	113	2024-10-27 10:41:00
677	31	2023-10-31 20:34:00
678	81	2023-09-29 12:25:00
679	32	2023-12-31 16:03:00
680	65	2023-10-07 00:16:00
681	104	2024-11-08 17:51:00
682	102	2024-07-06 04:50:00
683	96	2024-11-15 16:07:00
684	12	2024-04-22 19:55:00
685	120	2023-11-30 06:16:00
686	96	2024-11-22 21:12:00
687	94	2024-05-11 00:18:00
688	118	2023-06-30 14:51:00
689	99	2024-05-17 02:01:00
690	3	2023-11-22 00:03:00
691	95	2024-04-11 13:26:00
692	109	2024-11-08 09:33:00
693	43	2024-06-30 05:58:00
694	58	2024-07-05 22:48:00
695	104	2024-07-04 22:52:00
696	53	2024-12-01 14:12:00
697	83	2023-11-16 16:35:00
698	95	2023-06-29 19:48:00
699	15	2024-02-16 00:47:00
700	92	2024-12-10 06:58:00
701	10	2026-07-12 00:43:00
\.


--
-- Data for Name: pais; Type: TABLE DATA; Schema: public; Owner: david
--

COPY public.pais (id_pais, nombre_pais) FROM stdin;
1	Colombia
2	Guatemala
3	España
4	Mexico
5	Estados Unidos
6	Ecuador
7	Peru
8	Venezuela
9	Panama
10	Costa Rica
11	Honduras
12	El Salvador
13	Chile
14	Argentina
15	Brasil
\.


--
-- Data for Name: planta; Type: TABLE DATA; Schema: public; Owner: david
--

COPY public.planta (id_planta, tipo_planta, id_ciudad, direccion, id_empresa) FROM stdin;
1	Planta de Confiteria	11	Corregimiento La Paila, Zarzal Valle del Cauca	1
2	Planta de Galletas y Pasteles	12	Zona Franca Santander de Quilichao Cauca	1
3	Planta de Salsas y Conservas	13	Av. El Porvenir Km 3 Tulua Valle	1
4	Planta de Helados Itagui	14	Calle 77 Sur No. 43-220 Itagui Antioquia	1
5	Planta de Helados Bogota	1	Av. Boyaca No. 22-60 Sur Bogota	1
6	Planta Confiteria Guatemala	16	Km 22.5 Carretera al Atlantico Guatemala	1
7	Planta Confiteria Espana FIESTA	17	Poligono Industrial Los Olivos Alcala de Henares	1
\.


--
-- Data for Name: productos; Type: TABLE DATA; Schema: public; Owner: david
--

COPY public.productos (id_producto, nombre_producto, cate_id, marca_id, peso, unidad_medida, precio, sabor, estado, tarifa_iva) FROM stdin;
3	Bon Bon Bum Mango x12	1	1	0.12	kg	4200.00	Mango	t	general
4	Bon Bon Bum Maracuya x12	1	1	0.12	kg	4200.00	Maracuya	t	general
5	Grissly Gomitas Ositos 100g	1	8	0.10	kg	2800.00	Frutal	t	general
6	Grissly Gomitas Gusanos 100g	1	8	0.10	kg	2800.00	Acido	t	general
7	Fruly Masticables Mora 50g	1	12	0.05	kg	1500.00	Mora	t	general
8	Millows Masmelos Vainilla 150g	1	13	0.15	kg	3500.00	Vainilla	t	general
9	Pirulito Paleta Fresa	1	11	0.02	kg	500.00	Fresa	t	general
10	Pirulito Paleta Sandia	1	11	0.02	kg	500.00	Sandia	t	general
11	Nucita Cremita Choc-Avel 18g	2	2	0.02	kg	800.00	Avellana	t	general
12	Nucita Barquillo Chocolate	2	2	0.02	kg	700.00	Chocolate	t	general
13	Choco Break 16g	2	7	0.02	kg	900.00	\N	t	general
14	Chocmelos Bolsa 150g	2	15	0.15	kg	4500.00	Chocolate	t	general
15	Colombina Chocolate Leche 30g	2	14	0.03	kg	1800.00	\N	t	general
16	Festival Clasica Vainilla 100g	3	3	0.10	kg	2800.00	Vainilla	t	general
17	Festival Clasica Chocolate 100g	3	3	0.10	kg	2800.00	Chocolate	t	general
18	Festival Familiar Vainilla 400g	3	3	0.40	kg	9500.00	Vainilla	t	general
19	Crakenas Original 100g	3	9	0.10	kg	2500.00	\N	t	general
21	Snacky Mix 80g	3	10	0.08	kg	2200.00	Surtido	t	general
22	Helado Paleta Mora 80g	4	14	0.08	kg	2500.00	Mora	t	general
23	Helado Paleta Mango 80g	4	14	0.08	kg	2500.00	Mango	t	general
24	Helado Cono Vainilla 90g	4	14	0.09	kg	3200.00	Vainilla	t	general
25	Helado Vaso Chocolate 100g	4	14	0.10	kg	3500.00	Chocolate	t	general
26	La Constancia Tomate 400g	5	4	0.40	kg	5200.00	\N	t	general
27	La Constancia Mermelada Fresa 300g	5	4	0.30	kg	6800.00	Fresa	t	general
28	La Constancia Mermelada Mora 300g	5	4	0.30	kg	6800.00	Mora	t	general
29	La Constancia Mayonesa 200g	5	4	0.20	kg	4500.00	\N	t	general
30	La Constancia BBQ 250g	5	4	0.25	kg	5000.00	\N	t	general
31	Cafe Buendia Molido 250g	6	5	0.25	kg	9800.00	\N	t	general
32	Cafe Buendia Instantaneo 170g	6	5	0.17	kg	12500.00	\N	t	general
33	Snacky Maiz Pira 60g	7	10	0.06	kg	1800.00	Sal	t	general
34	Crakenas Snack Mix 120g	7	9	0.12	kg	3200.00	Surtido	t	general
35	Van Camps Atun Agua 170g	8	6	0.17	kg	4800.00	\N	t	general
36	Van Camps Atun Aceite 170g	8	6	0.17	kg	4800.00	\N	t	general
37	Van Camps Sardinas 125g	8	6	0.13	kg	3500.00	\N	t	general
38	Colombina Navidad Surtido 300g	9	14	0.30	kg	12000.00	Surtido	t	general
39	Colombina San Valentin Choc 200g	9	14	0.20	kg	9500.00	Chocolate	t	general
40	Colombina Halloween Mix 250g	9	14	0.25	kg	8500.00	Surtido	t	general
2	Bon Bon Bum Uva x12	1	1	0.12	kg	4200.00	Uva	t	exento
20	Crakenas Queso 100g	3	9	0.10	kg	2500.00	Queso	t	general
1	Bon Bon Bum Fresa x12	1	1	0.12	kg	4200.00	Fresa	f	general
888	Chocosim	4	7	23.00	kg	5000.00	chocolate	f	general
\.


--
-- Data for Name: proveedor; Type: TABLE DATA; Schema: public; Owner: david
--

COPY public.proveedor (id_proveedor, nit, nombre_proveedor, telefono, email, direccion, id_ciudad, rut, banco, tipo_cuenta, numero_cuenta, condiciones_pago, calificacion) FROM stdin;
6	400666777-6	Frutas Tropicales Export	6076789900	frutas@ftropicales.com	Cra 15 No 8-50 Manizales	7	400666777-6	Davivienda	corriente	0100047514	60	4
12	720222333-2	Cereales y Harinas S.A.	6014345566	harinas@cerealsha.com	Av Calle 13 No 23-40 Bogota	1	720222333-2	Davivienda	corriente	0100095028	60	4
4	600444555-4	Grasas y Aceites del Norte	6054456677	grasas@ganorte.com	Av 30 No 15-40 Barranquilla	4	600444555-4	Bancolombia	corriente	0100031676	45	4
1	900111222-1	Ingenio La Cabaña S.A.	6022345678	ventas@lacabana.com.co	Carretera Panamericana Km 3 Zarzal	11	900111222-1	Bancolombia	corriente	0100007919	60	5
3	700333444-3	Empaques Flexibles S.A.S	6014445566	info@empaflex.com	Calle 80 No 45-12 Bogota	1	700333444-3	Davivienda	corriente	0100023757	60	5
5	500555666-5	Lacteos Andinos S.A.	6014567788	leche@lacteosandinos.com	Km 3 Via Zipaquira Bogota	1	500555666-5	Banco de Bogotá	corriente	0100039595	30	4
11	810111222-1	Pulpas del Pacifico Ltda	6022234455	pulpas@pulpaspacifico.com	Zona Industrial Buenaventura	3	810111222-1	Banco de Bogotá	corriente	0100087109	30	4
14	540444555-4	Latas y Envases del Valle	6023567788	latas@latasenvases.com	Carrera 1 No 12-34 Cali	3	540444555-4	Banco de Bogotá	corriente	0100110866	30	4
9	100999000-9	Logistica Refrigerada S.A.	6013012233	frio@logriefri.com	Av Esperanza Km 2 Bogota	1	100999000-9	Davivienda	corriente	0100071271	60	5
10	900000111-0	Azucar de Colombia S.A.	6022123344	azucar@azucarcol.com	Via Palmira Km 5 Cali	3	900000111-0	Bancolombia	ahorros	0100079190	45	5
15	450555666-5	Materias Primas Caribe	6054678899	materias@mpcaribe.com	Zona Franca Barranquilla	4	450555666-5	Davivienda	corriente	0100118785	30	5
2	800222333-2	Cacao de Colombia Ltda	3154567890	cacao@cacaocol.com	Cra 10 No 5-20 Tumaco	3	800222333-2	Banco de Bogotá	ahorros	0100015838	30	3
7	300777888-7	Quimica Industrial S.A.S	6014890011	quimica@quinind.com	Parque Ind Bogota Bodega 12	1	300777888-7	Bancolombia	ahorros	0100055433	45	3
13	630333444-3	Colorantes y Aditivos S.A.S	6014456677	aditivos@coladiti.com	Parque Ind Norte Bodega 5 Bogota	1	630333444-3	Bancolombia	ahorros	0100102947	45	3
8	200888999-8	Cartones y Papeles Ltda	6044901122	papeles@cartpap.com	Zona Industrial Medellin	2	200888999-8	Banco de Bogotá	corriente	0100063352	30	2
\.


--
-- Data for Name: proveedor_materia; Type: TABLE DATA; Schema: public; Owner: david
--

COPY public.proveedor_materia (id_proveedor_materia, id_proveedor, id_materia, precio_unitario, cantidad_minima) FROM stdin;
28	1	1	820.00	1000
29	10	1	835.00	800
30	2	2	4200.00	100
31	2	3	7800.00	50
32	5	4	6200.00	200
33	5	15	3600.00	100
34	3	11	145.00	10000
35	3	12	780.00	2000
36	8	12	760.00	2000
37	4	10	3100.00	500
38	4	16	450.00	300
39	6	13	2200.00	400
40	11	13	2100.00	300
41	7	7	10500.00	20
42	13	7	10200.00	15
43	7	14	3400.00	80
44	13	8	14500.00	10
45	9	15	3500.00	150
46	1	5	1150.00	400
47	12	9	1050.00	1000
48	12	17	680.00	200
49	12	18	8500.00	50
50	5	19	16000.00	30
51	14	20	380.00	5000
52	15	11	138.00	10000
53	15	12	755.00	3000
54	6	6	8800.00	40
\.


--
-- Data for Name: tipo_contrato; Type: TABLE DATA; Schema: public; Owner: david
--

COPY public.tipo_contrato (id_tipo_contrato, descripcion, nombre_tipo_contrato) FROM stdin;
1	Contrato sin fecha de terminacion definida, brinda mayor estabilidad laboral y plenas prestaciones sociales	termino indefinido
2	Contrato con fecha de terminacion pactada entre 1 mes y 3 anos, renovable segun necesidad	termino fijo
3	Contrato vigente durante la ejecucion de una obra o labor especifica, sin fecha exacta de finalizacion	por obra o labor
4	Vinculacion como contratista independiente, sin subordinacion ni prestaciones sociales de ley	prestacion de servicios
5	Contrato para estudiantes del SENA en etapa productiva, con apoyo de sostenimiento	de aprendizaje
6	Contrato para actividades esporadicas o accidentales no superiores a 30 dias continuos	ocasional
\.


--
-- Name: area_departamento_id_area_seq; Type: SEQUENCE SET; Schema: public; Owner: david
--

SELECT pg_catalog.setval('public.area_departamento_id_area_seq', 1, false);


--
-- Name: auth_group_id_seq; Type: SEQUENCE SET; Schema: public; Owner: david
--

SELECT pg_catalog.setval('public.auth_group_id_seq', 1, false);


--
-- Name: auth_group_permissions_id_seq; Type: SEQUENCE SET; Schema: public; Owner: david
--

SELECT pg_catalog.setval('public.auth_group_permissions_id_seq', 1, false);


--
-- Name: auth_permission_id_seq; Type: SEQUENCE SET; Schema: public; Owner: david
--

SELECT pg_catalog.setval('public.auth_permission_id_seq', 24, true);


--
-- Name: auth_user_groups_id_seq; Type: SEQUENCE SET; Schema: public; Owner: david
--

SELECT pg_catalog.setval('public.auth_user_groups_id_seq', 1, false);


--
-- Name: auth_user_id_seq; Type: SEQUENCE SET; Schema: public; Owner: david
--

SELECT pg_catalog.setval('public.auth_user_id_seq', 1, false);


--
-- Name: auth_user_user_permissions_id_seq; Type: SEQUENCE SET; Schema: public; Owner: david
--

SELECT pg_catalog.setval('public.auth_user_user_permissions_id_seq', 1, false);


--
-- Name: detalle_compra_id_detalle_compra_seq; Type: SEQUENCE SET; Schema: public; Owner: david
--

SELECT pg_catalog.setval('public.detalle_compra_id_detalle_compra_seq', 982, true);


--
-- Name: detalle_venta_id_detalle_venta_seq; Type: SEQUENCE SET; Schema: public; Owner: david
--

SELECT pg_catalog.setval('public.detalle_venta_id_detalle_venta_seq', 3214, true);


--
-- Name: django_admin_log_id_seq; Type: SEQUENCE SET; Schema: public; Owner: david
--

SELECT pg_catalog.setval('public.django_admin_log_id_seq', 1, false);


--
-- Name: django_content_type_id_seq; Type: SEQUENCE SET; Schema: public; Owner: david
--

SELECT pg_catalog.setval('public.django_content_type_id_seq', 6, true);


--
-- Name: django_migrations_id_seq; Type: SEQUENCE SET; Schema: public; Owner: david
--

SELECT pg_catalog.setval('public.django_migrations_id_seq', 18, true);


--
-- Name: inventario_id_inventario_seq; Type: SEQUENCE SET; Schema: public; Owner: david
--

SELECT pg_catalog.setval('public.inventario_id_inventario_seq', 83, true);


--
-- Name: orden_compra_id_compra_seq; Type: SEQUENCE SET; Schema: public; Owner: david
--

SELECT pg_catalog.setval('public.orden_compra_id_compra_seq', 222, true);


--
-- Name: orden_venta_id_venta_seq; Type: SEQUENCE SET; Schema: public; Owner: david
--

SELECT pg_catalog.setval('public.orden_venta_id_venta_seq', 701, true);


--
-- Name: pais_id_pais_seq; Type: SEQUENCE SET; Schema: public; Owner: david
--

SELECT pg_catalog.setval('public.pais_id_pais_seq', 1, false);


--
-- Name: proveedor_materia_id_proveedor_materia_seq; Type: SEQUENCE SET; Schema: public; Owner: david
--

SELECT pg_catalog.setval('public.proveedor_materia_id_proveedor_materia_seq', 54, true);


--
-- Name: accionista accionista_pkey; Type: CONSTRAINT; Schema: public; Owner: david
--

ALTER TABLE ONLY public.accionista
    ADD CONSTRAINT accionista_pkey PRIMARY KEY (id_accionista);


--
-- Name: area_departamento area_departamento_pkey; Type: CONSTRAINT; Schema: public; Owner: david
--

ALTER TABLE ONLY public.area_departamento
    ADD CONSTRAINT area_departamento_pkey PRIMARY KEY (id_area);


--
-- Name: auth_group auth_group_name_key; Type: CONSTRAINT; Schema: public; Owner: david
--

ALTER TABLE ONLY public.auth_group
    ADD CONSTRAINT auth_group_name_key UNIQUE (name);


--
-- Name: auth_group_permissions auth_group_permissions_group_id_permission_id_0cd325b0_uniq; Type: CONSTRAINT; Schema: public; Owner: david
--

ALTER TABLE ONLY public.auth_group_permissions
    ADD CONSTRAINT auth_group_permissions_group_id_permission_id_0cd325b0_uniq UNIQUE (group_id, permission_id);


--
-- Name: auth_group_permissions auth_group_permissions_pkey; Type: CONSTRAINT; Schema: public; Owner: david
--

ALTER TABLE ONLY public.auth_group_permissions
    ADD CONSTRAINT auth_group_permissions_pkey PRIMARY KEY (id);


--
-- Name: auth_group auth_group_pkey; Type: CONSTRAINT; Schema: public; Owner: david
--

ALTER TABLE ONLY public.auth_group
    ADD CONSTRAINT auth_group_pkey PRIMARY KEY (id);


--
-- Name: auth_permission auth_permission_content_type_id_codename_01ab375a_uniq; Type: CONSTRAINT; Schema: public; Owner: david
--

ALTER TABLE ONLY public.auth_permission
    ADD CONSTRAINT auth_permission_content_type_id_codename_01ab375a_uniq UNIQUE (content_type_id, codename);


--
-- Name: auth_permission auth_permission_pkey; Type: CONSTRAINT; Schema: public; Owner: david
--

ALTER TABLE ONLY public.auth_permission
    ADD CONSTRAINT auth_permission_pkey PRIMARY KEY (id);


--
-- Name: auth_user_groups auth_user_groups_pkey; Type: CONSTRAINT; Schema: public; Owner: david
--

ALTER TABLE ONLY public.auth_user_groups
    ADD CONSTRAINT auth_user_groups_pkey PRIMARY KEY (id);


--
-- Name: auth_user_groups auth_user_groups_user_id_group_id_94350c0c_uniq; Type: CONSTRAINT; Schema: public; Owner: david
--

ALTER TABLE ONLY public.auth_user_groups
    ADD CONSTRAINT auth_user_groups_user_id_group_id_94350c0c_uniq UNIQUE (user_id, group_id);


--
-- Name: auth_user auth_user_pkey; Type: CONSTRAINT; Schema: public; Owner: david
--

ALTER TABLE ONLY public.auth_user
    ADD CONSTRAINT auth_user_pkey PRIMARY KEY (id);


--
-- Name: auth_user_user_permissions auth_user_user_permissions_pkey; Type: CONSTRAINT; Schema: public; Owner: david
--

ALTER TABLE ONLY public.auth_user_user_permissions
    ADD CONSTRAINT auth_user_user_permissions_pkey PRIMARY KEY (id);


--
-- Name: auth_user_user_permissions auth_user_user_permissions_user_id_permission_id_14a6b632_uniq; Type: CONSTRAINT; Schema: public; Owner: david
--

ALTER TABLE ONLY public.auth_user_user_permissions
    ADD CONSTRAINT auth_user_user_permissions_user_id_permission_id_14a6b632_uniq UNIQUE (user_id, permission_id);


--
-- Name: auth_user auth_user_username_key; Type: CONSTRAINT; Schema: public; Owner: david
--

ALTER TABLE ONLY public.auth_user
    ADD CONSTRAINT auth_user_username_key UNIQUE (username);


--
-- Name: cargo cargo_pkey; Type: CONSTRAINT; Schema: public; Owner: david
--

ALTER TABLE ONLY public.cargo
    ADD CONSTRAINT cargo_pkey PRIMARY KEY (id_cargo);


--
-- Name: categoria categoria_pkey; Type: CONSTRAINT; Schema: public; Owner: david
--

ALTER TABLE ONLY public.categoria
    ADD CONSTRAINT categoria_pkey PRIMARY KEY (id_categoria);


--
-- Name: ciudad ciudad_pkey; Type: CONSTRAINT; Schema: public; Owner: david
--

ALTER TABLE ONLY public.ciudad
    ADD CONSTRAINT ciudad_pkey PRIMARY KEY (id_ciudad);


--
-- Name: clientes clientes_nit_key; Type: CONSTRAINT; Schema: public; Owner: david
--

ALTER TABLE ONLY public.clientes
    ADD CONSTRAINT clientes_nit_key UNIQUE (nit);


--
-- Name: clientes clientes_pkey; Type: CONSTRAINT; Schema: public; Owner: david
--

ALTER TABLE ONLY public.clientes
    ADD CONSTRAINT clientes_pkey PRIMARY KEY (id_cliente);


--
-- Name: detalle_compra detalle_compra_pkey; Type: CONSTRAINT; Schema: public; Owner: david
--

ALTER TABLE ONLY public.detalle_compra
    ADD CONSTRAINT detalle_compra_pkey PRIMARY KEY (id_detalle_compra);


--
-- Name: detalle_venta detalle_venta_pkey; Type: CONSTRAINT; Schema: public; Owner: david
--

ALTER TABLE ONLY public.detalle_venta
    ADD CONSTRAINT detalle_venta_pkey PRIMARY KEY (id_detalle_venta);


--
-- Name: django_admin_log django_admin_log_pkey; Type: CONSTRAINT; Schema: public; Owner: david
--

ALTER TABLE ONLY public.django_admin_log
    ADD CONSTRAINT django_admin_log_pkey PRIMARY KEY (id);


--
-- Name: django_content_type django_content_type_app_label_model_76bd3d3b_uniq; Type: CONSTRAINT; Schema: public; Owner: david
--

ALTER TABLE ONLY public.django_content_type
    ADD CONSTRAINT django_content_type_app_label_model_76bd3d3b_uniq UNIQUE (app_label, model);


--
-- Name: django_content_type django_content_type_pkey; Type: CONSTRAINT; Schema: public; Owner: david
--

ALTER TABLE ONLY public.django_content_type
    ADD CONSTRAINT django_content_type_pkey PRIMARY KEY (id);


--
-- Name: django_migrations django_migrations_pkey; Type: CONSTRAINT; Schema: public; Owner: david
--

ALTER TABLE ONLY public.django_migrations
    ADD CONSTRAINT django_migrations_pkey PRIMARY KEY (id);


--
-- Name: django_session django_session_pkey; Type: CONSTRAINT; Schema: public; Owner: david
--

ALTER TABLE ONLY public.django_session
    ADD CONSTRAINT django_session_pkey PRIMARY KEY (session_key);


--
-- Name: empleado empleado_cedula_key; Type: CONSTRAINT; Schema: public; Owner: david
--

ALTER TABLE ONLY public.empleado
    ADD CONSTRAINT empleado_cedula_key UNIQUE (cedula);


--
-- Name: empleado empleado_pkey; Type: CONSTRAINT; Schema: public; Owner: david
--

ALTER TABLE ONLY public.empleado
    ADD CONSTRAINT empleado_pkey PRIMARY KEY (id_empleado);


--
-- Name: empresa empresa_pkey; Type: CONSTRAINT; Schema: public; Owner: david
--

ALTER TABLE ONLY public.empresa
    ADD CONSTRAINT empresa_pkey PRIMARY KEY (id_empresa);


--
-- Name: inventario inventario_pkey; Type: CONSTRAINT; Schema: public; Owner: david
--

ALTER TABLE ONLY public.inventario
    ADD CONSTRAINT inventario_pkey PRIMARY KEY (id_inventario);


--
-- Name: marca marca_pkey; Type: CONSTRAINT; Schema: public; Owner: david
--

ALTER TABLE ONLY public.marca
    ADD CONSTRAINT marca_pkey PRIMARY KEY (id_marca);


--
-- Name: materia_prima materia_prima_pkey; Type: CONSTRAINT; Schema: public; Owner: david
--

ALTER TABLE ONLY public.materia_prima
    ADD CONSTRAINT materia_prima_pkey PRIMARY KEY (id_materia);


--
-- Name: orden_compra orden_compra_pkey; Type: CONSTRAINT; Schema: public; Owner: david
--

ALTER TABLE ONLY public.orden_compra
    ADD CONSTRAINT orden_compra_pkey PRIMARY KEY (id_compra);


--
-- Name: orden_venta orden_venta_pkey; Type: CONSTRAINT; Schema: public; Owner: david
--

ALTER TABLE ONLY public.orden_venta
    ADD CONSTRAINT orden_venta_pkey PRIMARY KEY (id_venta);


--
-- Name: pais pais_pkey; Type: CONSTRAINT; Schema: public; Owner: david
--

ALTER TABLE ONLY public.pais
    ADD CONSTRAINT pais_pkey PRIMARY KEY (id_pais);


--
-- Name: planta planta_pkey; Type: CONSTRAINT; Schema: public; Owner: david
--

ALTER TABLE ONLY public.planta
    ADD CONSTRAINT planta_pkey PRIMARY KEY (id_planta);


--
-- Name: productos productos_pkey; Type: CONSTRAINT; Schema: public; Owner: david
--

ALTER TABLE ONLY public.productos
    ADD CONSTRAINT productos_pkey PRIMARY KEY (id_producto);


--
-- Name: proveedor_materia prov_materia; Type: CONSTRAINT; Schema: public; Owner: david
--

ALTER TABLE ONLY public.proveedor_materia
    ADD CONSTRAINT prov_materia UNIQUE (id_proveedor, id_materia);


--
-- Name: proveedor_materia proveedor_materia_pkey; Type: CONSTRAINT; Schema: public; Owner: david
--

ALTER TABLE ONLY public.proveedor_materia
    ADD CONSTRAINT proveedor_materia_pkey PRIMARY KEY (id_proveedor_materia);


--
-- Name: proveedor proveedor_nit_key; Type: CONSTRAINT; Schema: public; Owner: david
--

ALTER TABLE ONLY public.proveedor
    ADD CONSTRAINT proveedor_nit_key UNIQUE (nit);


--
-- Name: proveedor proveedor_pkey; Type: CONSTRAINT; Schema: public; Owner: david
--

ALTER TABLE ONLY public.proveedor
    ADD CONSTRAINT proveedor_pkey PRIMARY KEY (id_proveedor);


--
-- Name: tipo_contrato tipo_contrato_pkey; Type: CONSTRAINT; Schema: public; Owner: david
--

ALTER TABLE ONLY public.tipo_contrato
    ADD CONSTRAINT tipo_contrato_pkey PRIMARY KEY (id_tipo_contrato);


--
-- Name: auth_group_name_a6ea08ec_like; Type: INDEX; Schema: public; Owner: david
--

CREATE INDEX auth_group_name_a6ea08ec_like ON public.auth_group USING btree (name varchar_pattern_ops);


--
-- Name: auth_group_permissions_group_id_b120cbf9; Type: INDEX; Schema: public; Owner: david
--

CREATE INDEX auth_group_permissions_group_id_b120cbf9 ON public.auth_group_permissions USING btree (group_id);


--
-- Name: auth_group_permissions_permission_id_84c5c92e; Type: INDEX; Schema: public; Owner: david
--

CREATE INDEX auth_group_permissions_permission_id_84c5c92e ON public.auth_group_permissions USING btree (permission_id);


--
-- Name: auth_permission_content_type_id_2f476e4b; Type: INDEX; Schema: public; Owner: david
--

CREATE INDEX auth_permission_content_type_id_2f476e4b ON public.auth_permission USING btree (content_type_id);


--
-- Name: auth_user_groups_group_id_97559544; Type: INDEX; Schema: public; Owner: david
--

CREATE INDEX auth_user_groups_group_id_97559544 ON public.auth_user_groups USING btree (group_id);


--
-- Name: auth_user_groups_user_id_6a12ed8b; Type: INDEX; Schema: public; Owner: david
--

CREATE INDEX auth_user_groups_user_id_6a12ed8b ON public.auth_user_groups USING btree (user_id);


--
-- Name: auth_user_user_permissions_permission_id_1fbb5f2c; Type: INDEX; Schema: public; Owner: david
--

CREATE INDEX auth_user_user_permissions_permission_id_1fbb5f2c ON public.auth_user_user_permissions USING btree (permission_id);


--
-- Name: auth_user_user_permissions_user_id_a95ead1b; Type: INDEX; Schema: public; Owner: david
--

CREATE INDEX auth_user_user_permissions_user_id_a95ead1b ON public.auth_user_user_permissions USING btree (user_id);


--
-- Name: auth_user_username_6821ab7c_like; Type: INDEX; Schema: public; Owner: david
--

CREATE INDEX auth_user_username_6821ab7c_like ON public.auth_user USING btree (username varchar_pattern_ops);


--
-- Name: django_admin_log_content_type_id_c4bce8eb; Type: INDEX; Schema: public; Owner: david
--

CREATE INDEX django_admin_log_content_type_id_c4bce8eb ON public.django_admin_log USING btree (content_type_id);


--
-- Name: django_admin_log_user_id_c564eba6; Type: INDEX; Schema: public; Owner: david
--

CREATE INDEX django_admin_log_user_id_c564eba6 ON public.django_admin_log USING btree (user_id);


--
-- Name: django_session_expire_date_a5c62663; Type: INDEX; Schema: public; Owner: david
--

CREATE INDEX django_session_expire_date_a5c62663 ON public.django_session USING btree (expire_date);


--
-- Name: django_session_session_key_c0390e0f_like; Type: INDEX; Schema: public; Owner: david
--

CREATE INDEX django_session_session_key_c0390e0f_like ON public.django_session USING btree (session_key varchar_pattern_ops);


--
-- Name: auth_group_permissions auth_group_permissio_permission_id_84c5c92e_fk_auth_perm; Type: FK CONSTRAINT; Schema: public; Owner: david
--

ALTER TABLE ONLY public.auth_group_permissions
    ADD CONSTRAINT auth_group_permissio_permission_id_84c5c92e_fk_auth_perm FOREIGN KEY (permission_id) REFERENCES public.auth_permission(id) DEFERRABLE INITIALLY DEFERRED;


--
-- Name: auth_group_permissions auth_group_permissions_group_id_b120cbf9_fk_auth_group_id; Type: FK CONSTRAINT; Schema: public; Owner: david
--

ALTER TABLE ONLY public.auth_group_permissions
    ADD CONSTRAINT auth_group_permissions_group_id_b120cbf9_fk_auth_group_id FOREIGN KEY (group_id) REFERENCES public.auth_group(id) DEFERRABLE INITIALLY DEFERRED;


--
-- Name: auth_permission auth_permission_content_type_id_2f476e4b_fk_django_co; Type: FK CONSTRAINT; Schema: public; Owner: david
--

ALTER TABLE ONLY public.auth_permission
    ADD CONSTRAINT auth_permission_content_type_id_2f476e4b_fk_django_co FOREIGN KEY (content_type_id) REFERENCES public.django_content_type(id) DEFERRABLE INITIALLY DEFERRED;


--
-- Name: auth_user_groups auth_user_groups_group_id_97559544_fk_auth_group_id; Type: FK CONSTRAINT; Schema: public; Owner: david
--

ALTER TABLE ONLY public.auth_user_groups
    ADD CONSTRAINT auth_user_groups_group_id_97559544_fk_auth_group_id FOREIGN KEY (group_id) REFERENCES public.auth_group(id) DEFERRABLE INITIALLY DEFERRED;


--
-- Name: auth_user_groups auth_user_groups_user_id_6a12ed8b_fk_auth_user_id; Type: FK CONSTRAINT; Schema: public; Owner: david
--

ALTER TABLE ONLY public.auth_user_groups
    ADD CONSTRAINT auth_user_groups_user_id_6a12ed8b_fk_auth_user_id FOREIGN KEY (user_id) REFERENCES public.auth_user(id) DEFERRABLE INITIALLY DEFERRED;


--
-- Name: auth_user_user_permissions auth_user_user_permi_permission_id_1fbb5f2c_fk_auth_perm; Type: FK CONSTRAINT; Schema: public; Owner: david
--

ALTER TABLE ONLY public.auth_user_user_permissions
    ADD CONSTRAINT auth_user_user_permi_permission_id_1fbb5f2c_fk_auth_perm FOREIGN KEY (permission_id) REFERENCES public.auth_permission(id) DEFERRABLE INITIALLY DEFERRED;


--
-- Name: auth_user_user_permissions auth_user_user_permissions_user_id_a95ead1b_fk_auth_user_id; Type: FK CONSTRAINT; Schema: public; Owner: david
--

ALTER TABLE ONLY public.auth_user_user_permissions
    ADD CONSTRAINT auth_user_user_permissions_user_id_a95ead1b_fk_auth_user_id FOREIGN KEY (user_id) REFERENCES public.auth_user(id) DEFERRABLE INITIALLY DEFERRED;


--
-- Name: django_admin_log django_admin_log_content_type_id_c4bce8eb_fk_django_co; Type: FK CONSTRAINT; Schema: public; Owner: david
--

ALTER TABLE ONLY public.django_admin_log
    ADD CONSTRAINT django_admin_log_content_type_id_c4bce8eb_fk_django_co FOREIGN KEY (content_type_id) REFERENCES public.django_content_type(id) DEFERRABLE INITIALLY DEFERRED;


--
-- Name: django_admin_log django_admin_log_user_id_c564eba6_fk_auth_user_id; Type: FK CONSTRAINT; Schema: public; Owner: david
--

ALTER TABLE ONLY public.django_admin_log
    ADD CONSTRAINT django_admin_log_user_id_c564eba6_fk_auth_user_id FOREIGN KEY (user_id) REFERENCES public.auth_user(id) DEFERRABLE INITIALLY DEFERRED;


--
-- Name: productos fk1; Type: FK CONSTRAINT; Schema: public; Owner: david
--

ALTER TABLE ONLY public.productos
    ADD CONSTRAINT fk1 FOREIGN KEY (cate_id) REFERENCES public.categoria(id_categoria) ON UPDATE CASCADE ON DELETE RESTRICT;


--
-- Name: inventario fk10; Type: FK CONSTRAINT; Schema: public; Owner: david
--

ALTER TABLE ONLY public.inventario
    ADD CONSTRAINT fk10 FOREIGN KEY (id_prod) REFERENCES public.productos(id_producto) ON UPDATE CASCADE ON DELETE RESTRICT;


--
-- Name: empleado fk11; Type: FK CONSTRAINT; Schema: public; Owner: david
--

ALTER TABLE ONLY public.empleado
    ADD CONSTRAINT fk11 FOREIGN KEY (id_tipo_contrato) REFERENCES public.tipo_contrato(id_tipo_contrato) ON UPDATE CASCADE ON DELETE RESTRICT;


--
-- Name: empleado fk12; Type: FK CONSTRAINT; Schema: public; Owner: david
--

ALTER TABLE ONLY public.empleado
    ADD CONSTRAINT fk12 FOREIGN KEY (id_cargo) REFERENCES public.cargo(id_cargo) ON UPDATE CASCADE ON DELETE RESTRICT;


--
-- Name: empleado fk13; Type: FK CONSTRAINT; Schema: public; Owner: david
--

ALTER TABLE ONLY public.empleado
    ADD CONSTRAINT fk13 FOREIGN KEY (id_planta) REFERENCES public.planta(id_planta) ON UPDATE CASCADE ON DELETE RESTRICT;


--
-- Name: proveedor_materia fk14; Type: FK CONSTRAINT; Schema: public; Owner: david
--

ALTER TABLE ONLY public.proveedor_materia
    ADD CONSTRAINT fk14 FOREIGN KEY (id_materia) REFERENCES public.materia_prima(id_materia) ON UPDATE CASCADE ON DELETE RESTRICT;


--
-- Name: proveedor_materia fk15; Type: FK CONSTRAINT; Schema: public; Owner: david
--

ALTER TABLE ONLY public.proveedor_materia
    ADD CONSTRAINT fk15 FOREIGN KEY (id_proveedor) REFERENCES public.proveedor(id_proveedor) ON UPDATE CASCADE ON DELETE RESTRICT;


--
-- Name: ciudad fk16; Type: FK CONSTRAINT; Schema: public; Owner: david
--

ALTER TABLE ONLY public.ciudad
    ADD CONSTRAINT fk16 FOREIGN KEY (id_pais) REFERENCES public.pais(id_pais) ON UPDATE CASCADE ON DELETE RESTRICT;


--
-- Name: clientes fk17; Type: FK CONSTRAINT; Schema: public; Owner: david
--

ALTER TABLE ONLY public.clientes
    ADD CONSTRAINT fk17 FOREIGN KEY (id_ciudad) REFERENCES public.ciudad(id_ciudad) ON UPDATE CASCADE ON DELETE RESTRICT;


--
-- Name: proveedor fk18; Type: FK CONSTRAINT; Schema: public; Owner: david
--

ALTER TABLE ONLY public.proveedor
    ADD CONSTRAINT fk18 FOREIGN KEY (id_ciudad) REFERENCES public.ciudad(id_ciudad) ON UPDATE CASCADE ON DELETE RESTRICT;


--
-- Name: planta fk19; Type: FK CONSTRAINT; Schema: public; Owner: david
--

ALTER TABLE ONLY public.planta
    ADD CONSTRAINT fk19 FOREIGN KEY (id_ciudad) REFERENCES public.ciudad(id_ciudad) ON UPDATE CASCADE ON DELETE RESTRICT;


--
-- Name: productos fk2; Type: FK CONSTRAINT; Schema: public; Owner: david
--

ALTER TABLE ONLY public.productos
    ADD CONSTRAINT fk2 FOREIGN KEY (marca_id) REFERENCES public.marca(id_marca) ON UPDATE CASCADE ON DELETE RESTRICT;


--
-- Name: cargo fk20; Type: FK CONSTRAINT; Schema: public; Owner: david
--

ALTER TABLE ONLY public.cargo
    ADD CONSTRAINT fk20 FOREIGN KEY (id_area_depto) REFERENCES public.area_departamento(id_area) ON UPDATE CASCADE ON DELETE RESTRICT;


--
-- Name: accionista fk21; Type: FK CONSTRAINT; Schema: public; Owner: david
--

ALTER TABLE ONLY public.accionista
    ADD CONSTRAINT fk21 FOREIGN KEY (id_empresa) REFERENCES public.empresa(id_empresa) ON UPDATE CASCADE ON DELETE RESTRICT;


--
-- Name: planta fk22; Type: FK CONSTRAINT; Schema: public; Owner: david
--

ALTER TABLE ONLY public.planta
    ADD CONSTRAINT fk22 FOREIGN KEY (id_empresa) REFERENCES public.empresa(id_empresa) ON UPDATE CASCADE ON DELETE RESTRICT;


--
-- Name: orden_compra fk3; Type: FK CONSTRAINT; Schema: public; Owner: david
--

ALTER TABLE ONLY public.orden_compra
    ADD CONSTRAINT fk3 FOREIGN KEY (id_proveedor) REFERENCES public.proveedor(id_proveedor) ON UPDATE CASCADE ON DELETE RESTRICT;


--
-- Name: detalle_compra fk4; Type: FK CONSTRAINT; Schema: public; Owner: david
--

ALTER TABLE ONLY public.detalle_compra
    ADD CONSTRAINT fk4 FOREIGN KEY (id_prod) REFERENCES public.productos(id_producto) ON UPDATE CASCADE ON DELETE RESTRICT;


--
-- Name: detalle_compra fk5; Type: FK CONSTRAINT; Schema: public; Owner: david
--

ALTER TABLE ONLY public.detalle_compra
    ADD CONSTRAINT fk5 FOREIGN KEY (id_compra) REFERENCES public.orden_compra(id_compra) ON UPDATE CASCADE ON DELETE CASCADE;


--
-- Name: orden_venta fk6; Type: FK CONSTRAINT; Schema: public; Owner: david
--

ALTER TABLE ONLY public.orden_venta
    ADD CONSTRAINT fk6 FOREIGN KEY (id_cliente) REFERENCES public.clientes(id_cliente) ON UPDATE CASCADE ON DELETE RESTRICT;


--
-- Name: detalle_venta fk7; Type: FK CONSTRAINT; Schema: public; Owner: david
--

ALTER TABLE ONLY public.detalle_venta
    ADD CONSTRAINT fk7 FOREIGN KEY (id_prod) REFERENCES public.productos(id_producto) ON UPDATE CASCADE ON DELETE RESTRICT;


--
-- Name: detalle_venta fk8; Type: FK CONSTRAINT; Schema: public; Owner: david
--

ALTER TABLE ONLY public.detalle_venta
    ADD CONSTRAINT fk8 FOREIGN KEY (id_venta) REFERENCES public.orden_venta(id_venta) ON UPDATE CASCADE ON DELETE CASCADE;


--
-- Name: inventario fk9; Type: FK CONSTRAINT; Schema: public; Owner: david
--

ALTER TABLE ONLY public.inventario
    ADD CONSTRAINT fk9 FOREIGN KEY (id_planta) REFERENCES public.planta(id_planta) ON UPDATE CASCADE ON DELETE RESTRICT;


--
-- PostgreSQL database dump complete
--

\unrestrict GI1eWNaVMVcgUmYa0336HZY1gAGHYZn5ey0xiD4WgQeKgHCrTbQ8WfgzcoZMxEp

