-- 6. PRODUCTOS — 40 SKUs reales del portafolio Colombina
INSERT INTO productos (id_producto,nombre_producto,cate_id,marca_id,peso,unidad_medida,precio,sabor) VALUES
(1,'Bon Bon Bum Fresa x12',1,1,0.12,'kg',4200,'Fresa'),
(2,'Bon Bon Bum Uva x12',1,1,0.12,'kg',4200,'Uva'),
(3,'Bon Bon Bum Mango x12',1,1,0.12,'kg',4200,'Mango'),
(4,'Bon Bon Bum Maracuya x12',1,1,0.12,'kg',4200,'Maracuya'),
(5,'Grissly Gomitas Ositos 100g',1,8,0.1,'kg',2800,'Frutal'),
(6,'Grissly Gomitas Gusanos 100g',1,8,0.1,'kg',2800,'Acido'),
(7,'Fruly Masticables Mora 50g',1,12,0.05,'kg',1500,'Mora'),
(8,'Millows Masmelos Vainilla 150g',1,13,0.15,'kg',3500,'Vainilla'),
(9,'Pirulito Paleta Fresa',1,11,0.02,'kg',500,'Fresa'),
(10,'Pirulito Paleta Sandia',1,11,0.02,'kg',500,'Sandia'),
(11,'Nucita Cremita Choc-Avel 18g',2,2,0.018,'kg',800,'Avellana'),
(12,'Nucita Barquillo Chocolate',2,2,0.015,'kg',700,'Chocolate'),
(13,'Choco Break 16g',2,7,0.016,'kg',900,NULL),
(14,'Chocmelos Bolsa 150g',2,15,0.15,'kg',4500,'Chocolate'),
(15,'Colombina Chocolate Leche 30g',2,14,0.03,'kg',1800,NULL),
(16,'Festival Clasica Vainilla 100g',3,3,0.1,'kg',2800,'Vainilla'),
(17,'Festival Clasica Chocolate 100g',3,3,0.1,'kg',2800,'Chocolate'),
(18,'Festival Familiar Vainilla 400g',3,3,0.4,'kg',9500,'Vainilla'),
(19,'Crakenas Original 100g',3,9,0.1,'kg',2500,NULL),
(20,'Crakenas Queso 100g',3,9,0.1,'kg',2500,'Queso'),
(21,'Snacky Mix 80g',3,10,0.08,'kg',2200,'Surtido'),
(22,'Helado Paleta Mora 80g',4,14,0.08,'kg',2500,'Mora'),
(23,'Helado Paleta Mango 80g',4,14,0.08,'kg',2500,'Mango'),
(24,'Helado Cono Vainilla 90g',4,14,0.09,'kg',3200,'Vainilla'),
(25,'Helado Vaso Chocolate 100g',4,14,0.1,'kg',3500,'Chocolate'),
(26,'La Constancia Tomate 400g',5,4,0.4,'kg',5200,NULL),
(27,'La Constancia Mermelada Fresa 300g',5,4,0.3,'kg',6800,'Fresa'),
(28,'La Constancia Mermelada Mora 300g',5,4,0.3,'kg',6800,'Mora'),
(29,'La Constancia Mayonesa 200g',5,4,0.2,'kg',4500,NULL),
(30,'La Constancia BBQ 250g',5,4,0.25,'kg',5000,NULL),
(31,'Cafe Buendia Molido 250g',6,5,0.25,'kg',9800,NULL),
(32,'Cafe Buendia Instantaneo 170g',6,5,0.17,'kg',12500,NULL),
(33,'Snacky Maiz Pira 60g',7,10,0.06,'kg',1800,'Sal'),
(34,'Crakenas Snack Mix 120g',7,9,0.12,'kg',3200,'Surtido'),
(35,'Van Camps Atun Agua 170g',8,6,0.17,'kg',4800,NULL),
(36,'Van Camps Atun Aceite 170g',8,6,0.17,'kg',4800,NULL),
(37,'Van Camps Sardinas 125g',8,6,0.125,'kg',3500,NULL),
(38,'Colombina Navidad Surtido 300g',9,14,0.3,'kg',12000,'Surtido'),
(39,'Colombina San Valentin Choc 200g',9,14,0.2,'kg',9500,'Chocolate'),
(40,'Colombina Halloween Mix 250g',9,14,0.25,'kg',8500,'Surtido');

-- 13. MATERIA_PRIMA
INSERT INTO materia_prima (id_materia, nombre, unidad_medida) VALUES
(1,'Azucar refinada','kg'),
(2,'Cacao en polvo','kg'),
(3,'Manteca de cacao','kg'),
(4,'Leche en polvo entera','kg'),
(5,'Glucosa liquida','kg'),
(6,'Gelatina sin sabor','kg'),
(7,'Colorantes alimentarios','g'),
(8,'Saborizantes artificiales','ml'),
(9,'Harina de trigo','kg'),
(10,'Aceite vegetal refinado','L'),
(11,'Empaques plasticos flexibles','unid'),
(12,'Cajas de carton corrugado','unid'),
(13,'Pulpa de fruta tropical','kg'),
(14,'Acido citrico','kg'),
(15,'Crema de leche UHT','L'),
(16,'Sal refinada','kg'),
(17,'Bicarbonato de sodio','kg'),
(18,'Lecitina de soya','kg'),
(19,'Aroma de vainilla','ml'),
(20,'Latas de aluminio','unid');

-- 17. INVENTARIO — stock por planta segun especialidad
INSERT INTO inventario (id_inventario,id_planta,id_prod,cantidad_disponible,stock_minimo,fecha_actualizacion) VALUES
(1,1,1,1532,378,'2024-12-21 20:27:00'),
(2,1,2,1467,323,'2024-12-15 08:16:00'),
(3,1,3,1088,313,'2024-11-15 14:26:00'),
(4,1,4,1344,314,'2024-12-19 08:47:00'),
(5,1,5,218,55,'2024-12-15 05:02:00'),
(6,1,6,762,209,'2024-11-25 23:52:00'),
(7,1,7,684,121,'2024-12-03 10:24:00'),
(8,1,8,656,145,'2024-11-22 07:47:00'),
(9,1,9,368,86,'2024-12-15 20:36:00'),
(10,1,10,657,118,'2024-11-12 23:53:00'),
(11,1,11,732,151,'2024-11-15 09:58:00'),
(12,1,12,306,88,'2024-12-16 02:41:00'),
(13,1,13,203,31,'2024-11-25 11:06:00'),
(14,1,14,234,61,'2024-12-04 12:06:00'),
(15,1,15,354,78,'2024-11-24 18:26:00'),
(16,1,33,376,82,'2024-11-10 21:41:00'),
(17,1,34,150,41,'2024-12-02 22:51:00'),
(18,1,38,119,22,'2024-11-15 07:17:00'),
(19,1,39,263,54,'2024-11-18 10:20:00'),
(20,1,40,155,46,'2024-12-01 03:52:00'),
(21,2,16,994,167,'2024-12-28 10:31:00'),
(22,2,17,598,115,'2024-12-13 22:29:00'),
(23,2,18,243,46,'2024-11-03 17:09:00'),
(24,2,19,777,144,'2024-11-08 09:31:00'),
(25,2,20,193,35,'2024-12-07 09:17:00'),
(26,2,21,620,167,'2024-12-07 14:48:00'),
(27,2,33,482,116,'2024-12-08 01:25:00'),
(28,2,34,339,67,'2024-12-10 16:53:00'),
(29,3,26,608,171,'2024-12-17 20:50:00'),
(30,3,27,450,111,'2024-12-31 19:08:00'),
(31,3,28,409,116,'2024-11-14 14:51:00'),
(32,3,29,531,145,'2024-11-25 22:28:00'),
(33,3,30,162,25,'2024-12-13 18:50:00'),
(34,4,22,180,40,'2024-12-19 16:57:00'),
(35,4,23,312,55,'2024-11-27 14:56:00'),
(36,4,24,389,98,'2024-11-21 23:48:00'),
(37,4,25,373,111,'2024-11-14 04:44:00'),
(38,5,22,209,56,'2024-12-26 00:55:00'),
(39,5,23,238,69,'2024-12-01 09:01:00'),
(40,5,24,220,51,'2024-12-02 00:12:00');

INSERT INTO inventario (id_inventario,id_planta,id_prod,cantidad_disponible,stock_minimo,fecha_actualizacion) VALUES
(41,5,25,144,34,'2024-12-24 16:31:00'),
(42,6,1,616,111,'2024-11-05 12:51:00'),
(43,6,2,1254,190,'2024-11-21 16:44:00'),
(44,6,3,657,197,'2024-12-19 15:03:00'),
(45,6,4,1234,256,'2024-11-12 07:15:00'),
(46,6,5,542,136,'2024-12-14 00:36:00'),
(47,6,6,682,119,'2024-12-22 21:14:00'),
(48,6,7,677,103,'2024-11-14 01:50:00'),
(49,6,8,354,90,'2024-12-19 03:25:00'),
(50,6,9,342,97,'2024-12-01 08:08:00'),
(51,6,10,219,50,'2024-12-15 15:51:00'),
(52,6,11,926,164,'2024-11-21 07:24:00'),
(53,6,12,352,99,'2024-12-26 22:10:00'),
(54,6,13,308,84,'2024-12-12 23:14:00'),
(55,6,14,268,56,'2024-12-04 02:04:00'),
(56,6,15,503,118,'2024-12-09 01:25:00'),
(57,6,16,391,77,'2024-12-05 08:15:00'),
(58,6,17,750,138,'2024-11-08 14:06:00'),
(59,6,18,237,49,'2024-11-27 05:57:00'),
(60,6,19,671,108,'2024-11-19 19:12:00'),
(61,6,20,899,180,'2024-12-27 19:34:00'),
(62,6,21,687,164,'2024-12-03 08:12:00'),
(63,6,38,153,30,'2024-11-21 09:13:00'),
(64,6,39,212,41,'2024-12-13 19:36:00'),
(65,6,40,95,17,'2024-12-06 15:20:00'),
(66,7,1,1572,246,'2024-12-20 23:57:00'),
(67,7,2,1024,198,'2024-11-02 18:10:00'),
(68,7,3,352,54,'2024-12-10 07:10:00'),
(69,7,4,473,88,'2024-11-25 02:49:00'),
(70,7,5,366,105,'2024-11-27 13:15:00'),
(71,7,6,406,113,'2024-11-09 18:17:00'),
(72,7,7,758,182,'2024-11-02 01:13:00'),
(73,7,8,485,139,'2024-12-14 01:53:00'),
(74,7,9,581,165,'2024-11-06 11:42:00'),
(75,7,10,385,78,'2024-12-10 05:51:00'),
(76,7,11,742,153,'2024-12-14 08:09:00'),
(77,7,12,762,139,'2024-12-14 11:43:00'),
(78,7,13,341,79,'2024-12-30 15:42:00'),
(79,7,14,548,141,'2024-12-03 11:33:00'),
(80,7,15,548,87,'2024-11-05 08:49:00');

INSERT INTO inventario (id_inventario,id_planta,id_prod,cantidad_disponible,stock_minimo,fecha_actualizacion) VALUES
(81,7,38,119,33,'2024-11-12 06:29:00'),
(82,7,39,259,61,'2024-12-08 06:21:00'),
(83,7,40,71,11,'2024-11-25 20:36:00');


-- 14. PROVEEDOR_MATERIA
INSERT INTO proveedor_materia (id_proveedor,id_materia,precio_unitario,cantidad_minima) VALUES
(1,1,820.0,1000),
(10,1,835.0,800),
(2,2,4200.0,100),
(2,3,7800.0,50),
(5,4,6200.0,200),
(5,15,3600.0,100),
(3,11,145.0,10000),
(3,12,780.0,2000),
(8,12,760.0,2000),
(4,10,3100.0,500),
(4,16,450.0,300),
(6,13,2200.0,400),
(11,13,2100.0,300),
(7,7,10500.0,20),
(13,7,10200.0,15),
(7,14,3400.0,80),
(13,8,14500.0,10),
(9,15,3500.0,150),
(1,5,1150.0,400),
(12,9,1050.0,1000),
(12,17,680.0,200),
(12,18,8500.0,50),
(5,19,16000.0,30),
(14,20,380.0,5000),
(15,11,138.0,10000),
(15,12,755.0,3000),
(6,6,8800.0,40);